Workbook
Name Slicer_Assigned_Team: #N/A
Name Slicer_Business_Unit: #N/A
Name Slicer_Channel: #N/A

Sheet Data_Quality
A1: Data Quality Check | B1: Result
A2: Total Rows | B2: =ROWS(tbl_Operations[Ticket_ID]) -> 5000
A3: Total Columns | B3: =COLUMNS(tbl_Operations[]) -> 28
A4: Duplicate Ticket IDs | B4: =ROWS(tbl_Operations[Ticket_ID])-ROWS(_xlfn.UNIQUE(tbl_Operations[Ticket_ID])) -> 0
A5: Blank Locations | B5: =COUNTBLANK(tbl_Operations[Location]) -> 0
A6: Blank Request Types | B6: =COUNTBLANK(tbl_Operations[Request_Type]) -> 0
A7: Blank Channels | B7: =COUNTBLANK(tbl_Operations[Channel]) -> 0
A8: Blank Assigned Teams | B8: =COUNTBLANK(tbl_Operations[Assigned_Team]) -> 0
A9: Blank CSAT | B9: =COUNTBLANK(tbl_Operations[Customer_Satisfaction]) -> 0

Sheet Pivot_Resolution
A5: Business Unit | B5: Average Resolution Hrs
A6: Customer Support | B6: 12.984154
A7: Finance | B7: 12.862665
A8: HR | B8: 12.486719
A9: IT | B9: 12.914825
A10: Operations | B10: 12.927066
A11: Procurement | B11: 13.109986
A12: Sales | B12: 12.274559
A13: Grand Total | B13: 12.79436

Sheet Pivot_SLA
B3: Column Labels
B4: SLA Breach | D4: Within SLA | F4: Total Count of Ticket_ID | G4: Total Within SLA%
A5: Row Labels | B5: Count of Ticket_ID | C5: Within SLA% | D5: Count of Ticket_ID | E5: Within SLA%
A6: Customer Support | B6: 117 | C6: 0.15579228 | D6: 634 | E6: 0.84420772 | F6: 751 | G6: 1
A7: Finance | B7: 99 | C7: 0.14494876 | D7: 584 | E7: 0.85505124 | F7: 683 | G7: 1
A8: Hr | B8: 97 | C8: 0.12630208 | D8: 671 | E8: 0.87369792 | F8: 768 | G8: 1
A9: It | B9: 108 | C9: 0.15104895 | D9: 607 | E9: 0.84895105 | F9: 715 | G9: 1
A10: Operations | B10: 104 | C10: 0.14814815 | D10: 598 | E10: 0.85185185 | F10: 702 | G10: 1
A11: Procurement | B11: 109 | C11: 0.15549215 | D11: 592 | E11: 0.84450785 | F11: 701 | G11: 1
A12: Sales | B12: 96 | C12: 0.14117647 | D12: 584 | E12: 0.85882353 | F12: 680 | G12: 1
A13: Grand Total | B13: 730 | C13: 0.146 | D13: 4270 | E13: 0.854 | F13: 5000 | G13: 1

Sheet SLA_Chart_Data   
A1: Business Unit | B1: SLA Achievement %
A2: Customer Support | B2: =_xlfn.XLOOKUP(A2,Pivot_SLA!$A$6:$A$12,Pivot_SLA!$E$6:$E$12,"Not Found") -> 0.84420772
A3: Finance | B3: =_xlfn.XLOOKUP(A3,Pivot_SLA!$A$6:$A$12,Pivot_SLA!$E$6:$E$12,"Not Found") -> 0.85505124
A4: HR | B4: =_xlfn.XLOOKUP(A4,Pivot_SLA!$A$6:$A$12,Pivot_SLA!$E$6:$E$12,"Not Found") -> 0.87369792
A5: IT | B5: =_xlfn.XLOOKUP(A5,Pivot_SLA!$A$6:$A$12,Pivot_SLA!$E$6:$E$12,"Not Found") -> 0.84895105
A6: Operations | B6: =_xlfn.XLOOKUP(A6,Pivot_SLA!$A$6:$A$12,Pivot_SLA!$E$6:$E$12,"Not Found") -> 0.85185185
A7: Procurement | B7: =_xlfn.XLOOKUP(A7,Pivot_SLA!$A$6:$A$12,Pivot_SLA!$E$6:$E$12,"Not Found") -> 0.84450785
A8: Sales | B8: =_xlfn.XLOOKUP(A8,Pivot_SLA!$A$6:$A$12,Pivot_SLA!$E$6:$E$12,"Not Found") -> 0.85882353

Sheet Pivot_Monthly
A3: Row Labels | B3: Count of Ticket_ID
A4: Jan | B4: 420
A5: Feb | B5: 392
A6: Mar | B6: 404
A7: Apr | B7: 433
A8: May | B8: 441
A9: Jun | B9: 440
A10: Jul | B10: 375
A11: Aug | B11: 441
A12: Sep | B12: 395
A13: Oct | B13: 418
A14: Nov | B14: 411
A15: Dec | B15: 430
A16: Grand Total | B16: 5000

Sheet Pivot_Rework
B3: Column Labels
B4: No Rework | D4: Reworked | F4: Total Count of Ticket_ID | G4: Total Count of Ticket_ID2
A5: Row Labels | B5: Count of Ticket_ID | C5: Count of Ticket_ID2 | D5: Count of Ticket_ID | E5: Count of Ticket_ID2
A6: Customer Support | B6: 419 | C6: 0.55792277 | D6: 332 | E6: 0.44207723 | F6: 751 | G6: 1
A7: Finance | B7: 372 | C7: 0.54465593 | D7: 311 | E7: 0.45534407 | F7: 683 | G7: 1
A8: Hr | B8: 450 | C8: 0.5859375 | D8: 318 | E8: 0.4140625 | F8: 768 | G8: 1
A9: It | B9: 408 | C9: 0.57062937 | D9: 307 | E9: 0.42937063 | F9: 715 | G9: 1
A10: Operations | B10: 393 | C10: 0.55982906 | D10: 309 | E10: 0.44017094 | F10: 702 | G10: 1
A11: Procurement | B11: 391 | C11: 0.55777461 | D11: 310 | E11: 0.44222539 | F11: 701 | G11: 1
A12: Sales | B12: 396 | C12: 0.58235294 | D12: 284 | E12: 0.41764706 | F12: 680 | G12: 1
A13: Grand Total | B13: 2829 | C13: 0.5658 | D13: 2171 | E13: 0.4342 | F13: 5000 | G13: 1
A17: Business Unit | B17: Rework Ticket Rate
A18: Customer Support | B18: =_xlfn.XLOOKUP(A18,$A$6:$A$12,$E$6:$E$12,,0) -> 0.44207723
A19: Finance | B19: =_xlfn.XLOOKUP(A19,$A$6:$A$12,$E$6:$E$12,,0) -> 0.45534407
A20: HR | B20: =_xlfn.XLOOKUP(A20,$A$6:$A$12,$E$6:$E$12,,0) -> 0.4140625
A21: IT | B21: =_xlfn.XLOOKUP(A21,$A$6:$A$12,$E$6:$E$12,,0) -> 0.42937063
A22: Operations | B22: =_xlfn.XLOOKUP(A22,$A$6:$A$12,$E$6:$E$12,,0) -> 0.44017094
A23: Procurement | B23: =_xlfn.XLOOKUP(A23,$A$6:$A$12,$E$6:$E$12,,0) -> 0.44222539
A24: Sales | B24: =_xlfn.XLOOKUP(A24,$A$6:$A$12,$E$6:$E$12,,0) -> 0.41764706

Sheet Pivot_Cost
A3: Row Labels | B3: Total Cost
A4: Customer Support | B4: 3509593 | D4: Business Unit | E4: Total Cost | F4: Tickets | G4: Cost per Ticket
A5: Finance | B5: 3161483 | D5: Customer Support | E5: =_xlfn.XLOOKUP(D5,A4:A10,B4:B10,,0) -> 3509593 | F5: =COUNTIF(tbl_Operations[Business_Unit],D5) -> 751 | G5: =E5/F5 -> 4673.2264
A6: Hr | B6: 3446642 | D6: Finance | E6: =_xlfn.XLOOKUP(D6,A5:A11,B5:B11,,0) -> 3161483 | F6: =COUNTIF(tbl_Operations[Business_Unit],D6) -> 683 | G6: =E6/F6 -> 4628.8184
A7: It | B7: 3301070 | D7: HR | E7: =_xlfn.XLOOKUP(D7,A6:A12,B6:B12,,0) -> 3446642 | F7: =COUNTIF(tbl_Operations[Business_Unit],D7) -> 768 | G7: =E7/F7 -> 4487.8151
A8: Operations | B8: 3299592 | D8: IT | E8: =_xlfn.XLOOKUP(D8,A7:A13,B7:B13,,0) -> 3301070 | F8: =COUNTIF(tbl_Operations[Business_Unit],D8) -> 715 | G8: =E8/F8 -> 4616.8811
A9: Procurement | B9: 3326307 | D9: Operations | E9: =_xlfn.XLOOKUP(D9,A8:A14,B8:B14,,0) -> 3299592 | F9: =COUNTIF(tbl_Operations[Business_Unit],D9) -> 702 | G9: =E9/F9 -> 4700.2735
A10: Sales | B10: 2997714 | D10: Procurement | E10: =_xlfn.XLOOKUP(D10,A9:A15,B9:B15,,0) -> 3326307 | F10: =COUNTIF(tbl_Operations[Business_Unit],D10) -> 701 | G10: =E10/F10 -> 4745.0884
A11: Grand Total | B11: 23042401 | D11: Sales | E11: =_xlfn.XLOOKUP(D11,A10:A16,B10:B16,,0) -> 2997714 | F11: =COUNTIF(tbl_Operations[Business_Unit],D11) -> 680 | G11: =E11/F11 -> 4408.4029

Sheet Raw_Data
A1: Ticket_ID | B1: Ticket_Date | C1: Business_Unit | D1: Location | E1: Request_Type | F1: Priority | G1: Channel | H1: Assigned_Team | I1: Status | J1: Resolution_Hours | K1: SLA_Target_Hours | L1: SLA_Breached | M1: Rework_Count | N1: Customer_Satisfaction | O1: FTE_Cost_per_Hour | P1: Estimated_Cost | Q1: Month | R1: Month_No | S1: Quarter | T1: Weekday | U1: Location_Clean | V1: Channel_Clean | W1: Request_Type_Clean | X1: Business_Unit_Clean | Y1: SLA_Status | Z1: Critical_SLA_Risk | AA1: Performance_Band | AB1: Rework_Status
A2: OPS-101659 | B2: 45817 | C2: Customer Support | D2: Noida | E2: Invoice Query | F2: Medium | G2: Email | H2: Vendor Management | I2: Closed | J2: 2.5 | K2: 24 | L2: No | M2: 0 | N2: 4.3 | O2: 350 | P2: 875 | Q2: Jun | R2: 6 | S2: Q2 | T2: Monday | U2: =TRIM(CLEAN(tbl_Operations[[#This Row],[Location]])) -> Noida | V2: =TRIM(CLEAN(tbl_Operations[[#This Row],[Channel]])) -> Email | W2: =TRIM(CLEAN(E2)) -> Invoice Query | X2: =PROPER(TRIM(CLEAN(C2))) -> Customer Support | Y2: =IF(J2<=K2,"Within SLA","SLA Breach") -> Within SLA | Z2: =IF(AND(F2="Critical",Y1="SLA Breach"),"Critical Risk","Normal") -> Normal | AA2: {=_xlfn.IFS( J2<=K2*0.5,"Excellent", J2<=K2,"Good", J2<=K2*1.5,"At Risk", TRUE,"Critical" )} -> Excellent | AB2: =IF(M2>0,"Reworked","No Rework") -> No Rework
A3: OPS-100733 | B3: 45874 | C3: IT | D3: Mumbai | E3: Employee Query | F3: Medium | G3: Email | H3: Vendor Management | I3: Closed | J3: 20.2 | K3: 24 | L3: No | M3: 0 | N3: 4.6 | O3: 350 | P3: 7070 | Q3: Aug | R3: 8 | S3: Q3 | T3: Tuesday | U3: =TRIM(CLEAN(tbl_Operations[[#This Row],[Location]])) -> Mumbai | V3: =TRIM(CLEAN(tbl_Operations[[#This Row],[Channel]])) -> Email | W3: =TRIM(CLEAN(E3)) -> Employee Query | X3: =PROPER(TRIM(CLEAN(C3))) -> It | Y3: =IF(J3<=K3,"Within SLA","SLA Breach") -> Within SLA | Z3: =IF(AND(F3="Critical",Y2="SLA Breach"),"Critical Risk","Normal") -> Normal | AA3: {=_xlfn.IFS( J3<=K3*0.5,"Excellent", J3<=K3,"Good", J3<=K3*1.5,"At Risk", TRUE,"Critical" )} -> Good | AB3: =IF(M3>0,"Reworked","No Rework") -> No Rework
A4: OPS-103875 | B4: 45800 | C4: Procurement | D4: Bengaluru | E4: Invoice Query | F4: Medium | G4: Portal | H4: MIS | I4: Closed | J4: 5.4 | K4: 24 | L4: No | M4: 0 | N4: 5 | O4: 280 | P4: 1512 | Q4: May | R4: 5 | S4: Q2 | T4: Friday | U4: =TRIM(CLEAN(tbl_Operations[[#This Row],[Location]])) -> Bengaluru | V4: =TRIM(CLEAN(tbl_Operations[[#This Row],[Channel]])) -> Portal | W4: =TRIM(CLEAN(E4)) -> Invoice Query | X4: =PROPER(TRIM(CLEAN(C4))) -> Procurement | Y4: =IF(J4<=K4,"Within SLA","SLA Breach") -> Within SLA | Z4: =IF(AND(F4="Critical",Y2="SLA Breach"),"Critical Risk","Normal") -> Normal | AA4: {=_xlfn.IFS( J4<=K4*0.5,"Excellent", J4<=K4,"Good", J4<=K4*1.5,"At Risk", TRUE,"Critical" )} -> Excellent | AB4: =IF(M4>0,"Reworked","No Rework") -> No Rework
A5: OPS-101335 | B5: 45950 | C5: Procurement | D5: Gurugram | E5: Compliance Request | F5: Low | G5: Portal | H5: HR Ops | I5: Closed | J5: 8.1 | K5: 48 | L5: No | M5: 0 | N5: 4.8 | O5: 450 | P5: 3645 | Q5: Oct | R5: 10 | S5: Q4 | T5: Monday | U5: =TRIM(CLEAN(tbl_Operations[[#This Row],[Location]])) -> Gurugram | V5: =TRIM(CLEAN(tbl_Operations[[#This Row],[Channel]])) -> Portal | W5: =TRIM(CLEAN(E5)) -> Compliance Request | X5: =PROPER(TRIM(CLEAN(C5))) -> Procurement | Y5: =IF(J5<=K5,"Within SLA","SLA Breach") -> Within SLA | Z5: =IF(AND(F5="Critical",Y4="SLA Breach"),"Critical Risk","Normal") -> Normal | AA5: {=_xlfn.IFS( J5<=K5*0.5,"Excellent", J5<=K5,"Good", J5<=K5*1.5,"At Risk", TRUE,"Critical" )} -> Excellent | AB5: =IF(M5>0,"Reworked","No Rework") -> No Rework
A6: OPS-103608 | B6: 45702 | C6: HR | D6: Hyderabad | E6: Vendor Query | F6: Medium | G6: Email | H6: HR Ops | I6: Closed | J6: 1.8 | K6: 24 | L6: No | M6: 0 | N6: 4.9 | O6: 350 | P6: 630 | Q6: Feb | R6: 2 | S6: Q1 | T6: Friday | U6: =TRIM(CLEAN(tbl_Operations[[#This Row],[Location]])) -> Hyderabad | V6: =TRIM(CLEAN(tbl_Operations[[#This Row],[Channel]])) -> Email | W6: =TRIM(CLEAN(E6)) -> Vendor Query | X6: =PROPER(TRIM(CLEAN(C6))) -> Hr | Y6: =IF(J6<=K6,"Within SLA","SLA Breach") -> Within SLA | Z6: =IF(AND(F6="Critical",Y5="SLA Breach"),"Critical Risk","Normal") -> Normal | AA6: {=_xlfn.IFS( J6<=K6*0.5,"Excellent", J6<=K6,"Good", J6<=K6*1.5,"At Risk", TRUE,"Critical" )} -> Excellent | AB6: =IF(M6>0,"Reworked","No Rework") -> No Rework
A7: OPS-101008 | B7: 45670 | C7: Procurement | D7: Pune | E7: Employee Query | F7: High | G7: Teams | H7: MIS | I7: Closed | J7: 16.8 | K7: 12 | L7: Yes | M7: 1 | N7: 4 | O7: 450 | P7: 7560 | Q7: Jan | R7: 1 | S7: Q1 | T7: Monday | U7: =TRIM(CLEAN(tbl_Operations[[#This Row],[Location]])) -> Pune | V7: =TRIM(CLEAN(tbl_Operations[[#This Row],[Channel]])) -> Teams | W7: =TRIM(CLEAN(E7)) -> Employee Query | X7: =PROPER(TRIM(CLEAN(C7))) -> Procurement | Y7: =IF(J7<=K7,"Within SLA","SLA Breach") -> SLA Breach | Z7: =IF(AND(F7="Critical",Y6="SLA Breach"),"Critical Risk","Normal") -> Normal | AA7: {=_xlfn.IFS( J7<=K7*0.5,"Excellent", J7<=K7,"Good", J7<=K7*1.5,"At Risk", TRUE,"Critical" )} -> At Risk | AB7: =IF(M7>0,"Reworked","No Rework") -> Reworked
A8: OPS-102746 | B8: 45962 | C8: Procurement | D8: Mumbai | E8: Invoice Query | F8: Low | G8: Teams | H8: IT Support | I8: Closed | J8: 9.5 | K8: 48 | L8: No | M8: 0 | N8: 4.6 | O8: 350 | P8: 3325 | Q8: Nov | R8: 11 | S8: Q4 | T8: Saturday | U8: =TRIM(CLEAN(tbl_Operations[[#This Row],[Location]])) -> Mumbai | V8: =TRIM(CLEAN(tbl_Operations[[#This Row],[Channel]])) -> Teams | W8: =TRIM(CLEAN(E8)) -> Invoice Query | X8: =PROPER(TRIM(CLEAN(C8))) -> Procurement | Y8: =IF(J8<=K8,"Within SLA","SLA Breach") -> Within SLA | Z8: =IF(AND(F8="Critical",Y7="SLA Breach"),"Critical Risk","Normal") -> Normal | AA8: {=_xlfn.IFS( J8<=K8*0.5,"Excellent", J8<=K8,"Good", J8<=K8*1.5,"At Risk", TRUE,"Critical" )} -> Excellent | AB8: =IF(M8>0,"Reworked","No Rework") -> No Rework
A9: OPS-103424 | B9: 46014 | C9: IT | D9: Mumbai | E9: Data Correction | F9: High | G9: Email | H9: IT Support | I9: Closed | J9: 20 | K9: 12 | L9: Yes | M9: 0 | N9: 4.3 | O9: 320 | P9: 6400 | Q9: Dec | R9: 12 | S9: Q4 | T9: Tuesday | U9: =TRIM(CLEAN(tbl_Operations[[#This Row],[Location]])) -> Mumbai | V9: =TRIM(CLEAN(tbl_Operations[[#This Row],[Channel]])) -> Email | W9: =TRIM(CLEAN(E9)) -> Data Correction | X9: =PROPER(TRIM(CLEAN(C9))) -> It | Y9: =IF(J9<=K9,"Within SLA","SLA Breach") -> SLA Breach | Z9: =IF(AND(F9="Critical",Y8="SLA Breach"),"Critical Risk","Normal") -> Normal | AA9: {=_xlfn.IFS( J9<=K9*0.5,"Excellent", J9<=K9,"Good", J9<=K9*1.5,"At Risk", TRUE,"Critical" )} -> Critical | AB9: =IF(M9>0,"Reworked","No Rework") -> No Rework
A10: OPS-102847 | B10: 45874 | C10: IT | D10: Chennai | E10: System Issue | F10: Medium | G10: Email | H10: Finance Ops | I10: Closed | J10: 14 | K10: 24 | L10: No | M10: 0 | N10: 4.7 | O10: 450 | P10: 6300 | Q10: Aug | R10: 8 | S10: Q3 | T10: Tuesday | U10: =TRIM(CLEAN(tbl_Operations[[#This Row],[Location]])) -> Chennai | V10: =TRIM(CLEAN(tbl_Operations[[#This Row],[Channel]])) -> Email | W10: =TRIM(CLEAN(E10)) -> System Issue | X10: =PROPER(TRIM(CLEAN(C10))) -> It | Y10: =IF(J10<=K10,"Within SLA","SLA Breach") -> Within SLA | Z10: =IF(AND(F10="Critical",Y9="SLA Breach"),"Critical Risk","Normal") -> Normal | AA10: {=_xlfn.IFS( J10<=K10*0.5,"Excellent", J10<=K10,"Good", J10<=K10*1.5,"At Risk", TRUE,"Critical" )} -> Good | AB10: =IF(M10>0,"Reworked","No Rework") -> No Rework
A11: OPS-103077 | B11: 45724 | C11: Finance | D11: Mumbai | E11: Access Request | F11: High | G11: Email | H11: Finance Ops | I11: Closed | J11: 2.1 | K11: 12 | L11: No | M11: 0 | N11: 5 | O11: 280 | P11: 588 | Q11: Mar | R11: 3 | S11: Q1 | T11: Saturday | U11: =TRIM(CLEAN(tbl_Operations[[#This Row],[Location]])) -> Mumbai | V11: =TRIM(CLEAN(tbl_Operations[[#This Row],[Channel]])) -> Email | W11: =TRIM(CLEAN(E11)) -> Access Request | X11: =PROPER(TRIM(CLEAN(C11))) -> Finance | Y11: =IF(J11<=K11,"Within SLA","SLA Breach") -> Within SLA | Z11: =IF(AND(F11="Critical",Y10="SLA Breach"),"Critical Risk","Normal") -> Normal | AA11: {=_xlfn.IFS( J11<=K11*0.5,"Excellent", J11<=K11,"Good", J11<=K11*1.5,"At Risk", TRUE,"Critical" )} -> Excellent | AB11: =IF(M11>0,"Reworked","No Rework") -> No Rework
A12: OPS-100168 | B12: 45997 | C12: Finance | D12: Bengaluru | E12: System Issue | F12: Medium | G12: Phone | H12: IT Support | I12: Closed | J12: 19.6 | K12: 24 | L12: No | M12: 1 | N12: 4.2 | O12: 320 | P12: 6272 | Q12: Dec | R12: 12 | S12: Q4 | T12: Saturday | U12: =TRIM(CLEAN(tbl_Operations[[#This Row],[Location]])) -> Bengaluru | V12: =TRIM(CLEAN(tbl_Operations[[#This Row],[Channel]])) -> Phone | W12: =TRIM(CLEAN(E12)) -> System Issue | X12: =PROPER(TRIM(CLEAN(C12))) -> Finance | Y12: =IF(J12<=K12,"Within SLA","SLA Breach") -> Within SLA | Z12: =IF(AND(F12="Critical",Y11="SLA Breach"),"Critical Risk","Normal") -> Normal | AA12: {=_xlfn.IFS( J12<=K12*0.5,"Excellent", J12<=K12,"Good", J12<=K12*1.5,"At Risk", TRUE,"Critical" )} -> Good | AB12: =IF(M12>0,"Reworked","No Rework") -> Reworked
A13: OPS-104875 | B13: 45925 | C13: Procurement | D13: Chennai | E13: Vendor Query | F13: Medium | G13: Email | H13: Vendor Management | I13: Closed | J13: 28.1 | K13: 24 | L13: Yes | M13: 0 | N13: 4.2 | O13: 450 | P13: 12645 | Q13: Sep | R13: 9 | S13: Q3 | T13: Thursday | U13: =TRIM(CLEAN(tbl_Operations[[#This Row],[Location]])) -> Chennai | V13: =TRIM(CLEAN(tbl_Operations[[#This Row],[Channel]])) -> Email | W13: =TRIM(CLEAN(E13)) -> Vendor Query | X13: =PROPER(TRIM(CLEAN(C13))) -> Procurement | Y13: =IF(J13<=K13,"Within SLA","SLA Breach") -> SLA Breach | Z13: =IF(AND(F13="Critical",Y12="SLA Breach"),"Critical Risk","Normal") -> Normal | AA13: {=_xlfn.IFS( J13<=K13*0.5,"Excellent", J13<=K13,"Good", J13<=K13*1.5,"At Risk", TRUE,"Critical" )} -> At Risk | AB13: =IF(M13>0,"Reworked","No Rework") -> No Rework
A14: OPS-101376 | B14: 45686 | C14: HR | D14: Bengaluru | E14: Compliance Request | F14: High | G14: Email | H14: HR Ops | I14: Closed | J14: 11.9 | K14: 12 | L14: No | M14: 2 | N14: 4.2 | O14: 400 | P14: 4760 | Q14: Jan | R14: 1 | S14: Q1 | T14: Wednesday | U14: =TRIM(CLEAN(tbl_Operations[[#This Row],[Location]])) -> Bengaluru | V14: =TRIM(CLEAN(tbl_Operations[[#This Row],[Channel]])) -> Email | W14: =TRIM(CLEAN(E14)) -> Compliance Request | X14: =PROPER(TRIM(CLEAN(C14))) -> Hr | Y14: =IF(J14<=K14,"Within SLA","SLA Breach") -> Within SLA | Z14: =IF(AND(F14="Critical",Y13="SLA Breach"),"Critical Risk","Normal") -> Normal | AA14: {=_xlfn.IFS( J14<=K14*0.5,"Excellent", J14<=K14,"Good", J14<=K14*1.5,"At Risk", TRUE,"Critical" )} -> Good | AB14: =IF(M14>0,"Reworked","No Rework") -> Reworked
A15: OPS-104728 | B15: 45749 | C15: Procurement | D15: Gurugram | E15: Data Correction | F15: Low | G15: Phone | H15: MIS | I15: Escalated | J15: 5.4 | K15: 48 | L15: No | M15: 1 | N15: 5 | O15: 320 | P15: 1728 | Q15: Apr | R15: 4 | S15: Q2 | T15: Wednesday | U15: =TRIM(CLEAN(tbl_Operations[[#This Row],[Location]])) -> Gurugram | V15: =TRIM(CLEAN(tbl_Operations[[#This Row],[Channel]])) -> Phone | W15: =TRIM(CLEAN(E15)) -> Data Correction | X15: =PROPER(TRIM(CLEAN(C15))) -> Procurement | Y15: =IF(J15<=K15,"Within SLA","SLA Breach") -> Within SLA | Z15: =IF(AND(F15="Critical",Y14="SLA Breach"),"Critical Risk","Normal") -> Normal | AA15: {=_xlfn.IFS( J15<=K15*0.5,"Excellent", J15<=K15,"Good", J15<=K15*1.5,"At Risk", TRUE,"Critical" )} -> Excellent | AB15: =IF(M15>0,"Reworked","No Rework") -> Reworked
A16: OPS-100834 | B16: 46009 | C16: Operations | D16: Mumbai | E16: Report Request | F16: Medium | G16: Portal | H16: Finance Ops | I16: Closed | J16: 20.7 | K16: 24 | L16: No | M16: 0 | N16: 3.8 | O16: 320 | P16: 6624 | Q16: Dec | R16: 12 | S16: Q4 | T16: Thursday | U16: =TRIM(CLEAN(tbl_Operations[[#This Row],[Location]])) -> Mumbai | V16: =TRIM(CLEAN(tbl_Operations[[#This Row],[Channel]])) -> Portal | W16: =TRIM(CLEAN(E16)) -> Report Request | X16: =PROPER(TRIM(CLEAN(C16))) -> Operations | Y16: =IF(J16<=K16,"Within SLA","SLA Breach") -> Within SLA | Z16: =IF(AND(F16="Critical",Y15="SLA Breach"),"Critical Risk","Normal") -> Normal | AA16: {=_xlfn.IFS( J16<=K16*0.5,"Excellent", J16<=K16,"Good", J16<=K16*1.5,"At Risk", TRUE,"Critical" )} -> Good | AB16: =IF(M16>0,"Reworked","No Rework") -> No Rework
... A386: OPS-101115 | B386: 45772 | C386: Finance | D386: Mumbai | E386: Compliance Request | F386: Medium | G386: Email | H386: Finance Ops | I386: Pending | J386: 8.2 | K386: 24 | L386: No | M386: 0 | N386: 5 | O386: 320 | P386: 2624 | Q386: Apr | R386: 4 | S386: Q2 | T386: Friday | U386: =TRIM(CLEAN(tbl_Operations[[#This Row],[Location]])) -> Mumbai | V386: =TRIM(CLEAN(tbl_Operations[[#This Row],[Channel]])) -> Email | W386: =TRIM(CLEAN(E386)) -> Compliance Request | X386: =PROPER(TRIM(CLEAN(C386))) -> Finance | Y386: =IF(J386<=K386,"Within SLA","SLA Breach") -> Within SLA | Z386: =IF(AND(F386="Critical",Y385="SLA Breach"),"Critical Risk","Normal") -> Normal | AA386: {=_xlfn.IFS( J386<=K386*0.5,"Excellent", J386<=K386,"Good", J386<=K386*1.5,"At Risk", TRUE,"Critical" )} -> Excellent | AB386: =IF(M386>0,"Reworked","No Rework") -> No Rework
A387: OPS-101926 | B387: 45992 | C387: IT | D387: Gurugram | E387: Vendor Query | F387: Medium | G387: Teams | H387: Finance Ops | I387: Closed | J387: 18 | K387: 24 | L387: No | M387: 1 | N387: Unknown | O387: 450 | P387: 8100 | Q387: Dec | R387: 12 | S387: Q4 | T387: Monday | U387: =TRIM(CLEAN(tbl_Operations[[#This Row],[Location]])) -> Gurugram | V387: =TRIM(CLEAN(tbl_Operations[[#This Row],[Channel]])) -> Teams | W387: =TRIM(CLEAN(E387)) -> Vendor Query | X387: =PROPER(TRIM(CLEAN(C387))) -> It | Y387: =IF(J387<=K387,"Within SLA","SLA Breach") -> Within SLA | Z387: =IF(AND(F387="Critical",Y386="SLA Breach"),"Critical Risk","Normal") -> Normal | AA387: {=_xlfn.IFS( J387<=K387*0.5,"Excellent", J387<=K387,"Good", J387<=K387*1.5,"At Risk", TRUE,"Critical" )} -> Good | AB387: =IF(M387>0,"Reworked","No Rework") -> Reworked
A388: OPS-102537 | B388: 45736 | C388: Operations | D388: Gurugram | E388: Employee Query | F388: High | G388: Teams | H388: IT Support | I388: Escalated | J388: 31.3 | K388: 12 | L388: Yes | M388: 1 | N388: 3.8 | O388: 350 | P388: 10955 | Q388: Mar | R388: 3 | S388: Q1 | T388: Thursday | U388: =TRIM(CLEAN(tbl_Operations[[#This Row],[Location]])) -> Gurugram | V388: =TRIM(CLEAN(tbl_Operations[[#This Row],[Channel]])) -> Teams | W388: =TRIM(CLEAN(E388)) -> Employee Query | X388: =PROPER(TRIM(CLEAN(C388))) -> Operations | Y388: =IF(J388<=K388,"Within SLA","SLA Breach") -> SLA Breach | Z388: =IF(AND(F388="Critical",Y387="SLA Breach"),"Critical Risk","Normal") -> Normal | AA388: {=_xlfn.IFS( J388<=K388*0.5,"Excellent", J388<=K388,"Good", J388<=K388*1.5,"At Risk", TRUE,"Critical" )} -> Critical | AB388: =IF(M388>0,"Reworked","No Rework") -> Reworked
A389: OPS-101408 | B389: 45953 | C389: HR | D389: Mumbai | E389: Invoice Query | F389: Low | G389: Phone | H389: Vendor Management | I389: Closed | J389: 0.9 | K389: 48 | L389: No | M389: 1 | N389: 4.5 | O389: 320 | P389: 288 | Q389: Oct | R389: 10 | S389: Q4 | T389: Thursday | U389: =TRIM(CLEAN(tbl_Operations[[#This Row],[Location]])) -> Mumbai | V389: =TRIM(CLEAN(tbl_Operations[[#This Row],[Channel]])) -> Phone | W389: =TRIM(CLEAN(E389)) -> Invoice Query | X389: =PROPER(TRIM(CLEAN(C389))) -> Hr | Y389: =IF(J389<=K389,"Within SLA","SLA Breach") -> Within SLA | Z389: =IF(AND(F389="Critical",Y388="SLA Breach"),"Critical Risk","Normal") -> Normal | AA389: {=_xlfn.IFS( J389<=K389*0.5,"Excellent", J389<=K389,"Good", J389<=K389*1.5,"At Risk", TRUE,"Critical" )} -> Excellent | AB389: =IF(M389>0,"Reworked","No Rework") -> Reworked
A390: OPS-101432 | B390: 45968 | C390: Customer Support | D390: Gurugram | E390: Employee Query | F390: Medium | G390: Teams | H390: Finance Ops | I390: Closed | J390: 4.4 | K390: 24 | L390: No | M390: 0 | N390: 5 | O390: 350 | P390: 1540 | Q390: Nov | R390: 11 | S390: Q4 | T390: Friday | U390: =TRIM(CLEAN(tbl_Operations[[#This Row],[Location]])) -> Gurugram | V390: =TRIM(CLEAN(tbl_Operations[[#This Row],[Channel]])) -> Teams | W390: =TRIM(CLEAN(E390)) -> Employee Query | X390: =PROPER(TRIM(CLEAN(C390))) -> Customer Support | Y390: =IF(J390<=K390,"Within SLA","SLA Breach") -> Within SLA | Z390: =IF(AND(F390="Critical",Y389="SLA Breach"),"Critical Risk","Normal") -> Normal | AA390: {=_xlfn.IFS( J390<=K390*0.5,"Excellent", J390<=K390,"Good", J390<=K390*1.5,"At Risk", TRUE,"Critical" )} -> Excellent | AB390: =IF(M390>0,"Reworked","No Rework") -> No Rework
A391: OPS-100793 | B391: 45755 | C391: Sales | D391: Mumbai | E391: Compliance Request | F391: Medium | G391: Portal | H391: MIS | I391: Closed | J391: 8.3 | K391: 24 | L391: No | M391: 1 | N391: 4.9 | O391: 280 | P391: 2324 | Q391: Apr | R391: 4 | S391: Q2 | T391: Tuesday | U391: =TRIM(CLEAN(tbl_Operations[[#This Row],[Location]])) -> Mumbai | V391: =TRIM(CLEAN(tbl_Operations[[#This Row],[Channel]])) -> Portal | W391: =TRIM(CLEAN(E391)) -> Compliance Request | X391: =PROPER(TRIM(CLEAN(C391))) -> Sales | Y391: =IF(J391<=K391,"Within SLA","SLA Breach") -> Within SLA | Z391: =IF(AND(F391="Critical",Y390="SLA Breach"),"Critical Risk","Normal") -> Normal | AA391: {=_xlfn.IFS( J391<=K391*0.5,"Excellent", J391<=K391,"Good", J391<=K391*1.5,"At Risk", TRUE,"Critical" )} -> Excellent | AB391: =IF(M391>0,"Reworked","No Rework") -> Reworked
A392: OPS-103921 | B392: 45703 | C392: HR | D392: Mumbai | E392: Employee Query | F392: High | G392: Portal | H392: IT Support | I392: Pending | J392: 6.7 | K392: 12 | L392: No | M392: 1 | N392: 4.4 | O392: 350 | P392: 2345 | Q392: Feb | R392: 2 | S392: Q1 | T392: Saturday | U392: =TRIM(CLEAN(tbl_Operations[[#This Row],[Location]])) -> Mumbai | V392: =TRIM(CLEAN(tbl_Operations[[#This Row],[Channel]])) -> Portal | W392: =TRIM(CLEAN(E392)) -> Employee Query | X392: =PROPER(TRIM(CLEAN(C392))) -> Hr | Y392: =IF(J392<=K392,"Within SLA","SLA Breach") -> Within SLA | Z392: =IF(AND(F392="Critical",Y391="SLA Breach"),"Critical Risk","Normal") -> Normal | AA392: {=_xlfn.IFS( J392<=K392*0.5,"Excellent", J392<=K392,"Good", J392<=K392*1.5,"At Risk", TRUE,"Critical" )} -> Good | AB392: =IF(M392>0,"Reworked","No Rework") -> Reworked
A393: OPS-104457 | B393: 45915 | C393: Sales | D393: Hyderabad | E393: Access Request | F393: High | G393: Email | H393: HR Ops | I393: Closed | J393: 4.1 | K393: 12 | L393: No | M393: 1 | N393: 5 | O393: 280 | P393: 1148 | Q393: Sep | R393: 9 | S393: Q3 | T393: Monday | U393: =TRIM(CLEAN(tbl_Operations[[#This Row],[Location]])) -> Hyderabad | V393: =TRIM(CLEAN(tbl_Operations[[#This Row],[Channel]])) -> Email | W393: =TRIM(CLEAN(E393)) -> Access Request | X393: =PROPER(TRIM(CLEAN(C393))) -> Sales | Y393: =IF(J393<=K393,"Within SLA","SLA Breach") -> Within SLA | Z393: =IF(AND(F393="Critical",Y392="SLA Breach"),"Critical Risk","Normal") -> Normal | AA393: {=_xlfn.IFS( J393<=K393*0.5,"Excellent", J393<=K393,"Good", J393<=K393*1.5,"At Risk", TRUE,"Critical" )} -> Excellent | AB393: =IF(M393>0,"Reworked","No Rework") -> Reworked
A394: OPS-104655 | B394: 45687 | C394: Procurement | D394: Pune | E394: Access Request | F394: Medium | G394: Email | H394: MIS | I394: Closed | J394: 7.6 | K394: 24 | L394: No | M394: 0 | N394: 4.7 | O394: 400 | P394: 3040 | Q394: Jan | R394: 1 | S394: Q1 | T394: Thursday | U394: =TRIM(CLEAN(tbl_Operations[[#This Row],[Location]])) -> Pune | V394: =TRIM(CLEAN(tbl_Operations[[#This Row],[Channel]])) -> Email | W394: =TRIM(CLEAN(E394)) -> Access Request | X394: =PROPER(TRIM(CLEAN(C394))) -> Procurement | Y394: =IF(J394<=K394,"Within SLA","SLA Breach") -> Within SLA | Z394: =IF(AND(F394="Critical",Y393="SLA Breach"),"Critical Risk","Normal") -> Normal | AA394: {=_xlfn.IFS( J394<=K394*0.5,"Excellent", J394<=K394,"Good", J394<=K394*1.5,"At Risk", TRUE,"Critical" )} -> Excellent | AB394: =IF(M394>0,"Reworked","No Rework") -> No Rework
A395: OPS-102475 | B395: 45840 | C395: Procurement | D395: Bengaluru | E395: Vendor Query | F395: High | G395: Email | H395: Vendor Management | I395: Closed | J395: 13.2 | K395: 12 | L395: Yes | M395: 0 | N395: 4.4 | O395: 350 | P395: 4620 | Q395: Jul | R395: 7 | S395: Q3 | T395: Wednesday | U395: =TRIM(CLEAN(tbl_Operations[[#This Row],[Location]])) -> Bengaluru | V395: =TRIM(CLEAN(tbl_Operations[[#This Row],[Channel]])) -> Email | W395: =TRIM(CLEAN(E395)) -> Vendor Query | X395: =PROPER(TRIM(CLEAN(C395))) -> Procurement | Y395: =IF(J395<=K395,"Within SLA","SLA Breach") -> SLA Breach | Z395: =IF(AND(F395="Critical",Y394="SLA Breach"),"Critical Risk","Normal") -> Normal | AA395: {=_xlfn.IFS( J395<=K395*0.5,"Excellent", J395<=K395,"Good", J395<=K395*1.5,"At Risk", TRUE,"Critical" )} -> At Risk | AB395: =IF(M395>0,"Reworked","No Rework") -> No Rework
A396: OPS-104083 | B396: 45936 | C396: Sales | D396: Bengaluru | E396: Report Request | F396: Medium | G396: Teams | H396: MIS | I396: Pending | J396: 6.1 | K396: 24 | L396: No | M396: 0 | N396: 5 | O396: 320 | P396: 1952 | Q396: Oct | R396: 10 | S396: Q4 | T396: Monday | U396: =TRIM(CLEAN(tbl_Operations[[#This Row],[Location]])) -> Bengaluru | V396: =TRIM(CLEAN(tbl_Operations[[#This Row],[Channel]])) -> Teams | W396: =TRIM(CLEAN(E396)) -> Report Request | X396: =PROPER(TRIM(CLEAN(C396))) -> Sales | Y396: =IF(J396<=K396,"Within SLA","SLA Breach") -> Within SLA | Z396: =IF(AND(F396="Critical",Y395="SLA Breach"),"Critical Risk","Normal") -> Normal | AA396: {=_xlfn.IFS( J396<=K396*0.5,"Excellent", J396<=K396,"Good", J396<=K396*1.5,"At Risk", TRUE,"Critical" )} -> Excellent | AB396: =IF(M396>0,"Reworked","No Rework") -> No Rework
A397: OPS-104459 | B397: 46020 | C397: IT | D397: Hyderabad | E397: Invoice Query | F397: Low | G397: Email | H397: Vendor Management | I397: Closed | J397: 13.3 | K397: 48 | L397: No | M397: 1 | N397: 4.3 | O397: 350 | P397: 4655 | Q397: Dec | R397: 12 | S397: Q4 | T397: Monday | U397: =TRIM(CLEAN(tbl_Operations[[#This Row],[Location]])) -> Hyderabad | V397: =TRIM(CLEAN(tbl_Operations[[#This Row],[Channel]])) -> Email | W397: =TRIM(CLEAN(E397)) -> Invoice Query | X397: =PROPER(TRIM(CLEAN(C397))) -> It | Y397: =IF(J397<=K397,"Within SLA","SLA Breach") -> Within SLA | Z397: =IF(AND(F397="Critical",Y396="SLA Breach"),"Critical Risk","Normal") -> Normal | AA397: {=_xlfn.IFS( J397<=K397*0.5,"Excellent", J397<=K397,"Good", J397<=K397*1.5,"At Risk", TRUE,"Critical" )} -> Excellent | AB397: =IF(M397>0,"Reworked","No Rework") -> Reworked
A398: OPS-101591 | B398: 45780 | C398: Finance | D398: Gurugram | E398: System Issue | F398: High | G398: Phone | H398: MIS | I398: Closed | J398: 25.9 | K398: 12 | L398: Yes | M398: 0 | N398: 4.3 | O398: 400 | P398: 10360 | Q398: May | R398: 5 | S398: Q2 | T398: Saturday | U398: =TRIM(CLEAN(tbl_Operations[[#This Row],[Location]])) -> Gurugram | V398: =TRIM(CLEAN(tbl_Operations[[#This Row],[Channel]])) -> Phone | W398: =TRIM(CLEAN(E398)) -> System Issue | X398: =PROPER(TRIM(CLEAN(C398))) -> Finance | Y398: =IF(J398<=K398,"Within SLA","SLA Breach") -> SLA Breach | Z398: =IF(AND(F398="Critical",Y397="SLA Breach"),"Critical Risk","Normal") -> Normal | AA398: {=_xlfn.IFS( J398<=K398*0.5,"Excellent", J398<=K398,"Good", J398<=K398*1.5,"At Risk", TRUE,"Critical" )} -> Critical | AB398: =IF(M398>0,"Reworked","No Rework") -> No Rework
A399: OPS-103277 | B399: 45825 | C399: Operations | D399: Bengaluru | E399: System Issue | F399: Low | G399: Portal | H399: Finance Ops | I399: Closed | J399: 17.2 | K399: 48 | L399: No | M399: 0 | N399: 4.7 | O399: 350 | P399: 6020 | Q399: Jun | R399: 6 | S399: Q2 | T399: Tuesday | U399: =TRIM(CLEAN(tbl_Operations[[#This Row],[Location]])) -> Bengaluru | V399: =TRIM(CLEAN(tbl_Operations[[#This Row],[Channel]])) -> Portal | W399: =TRIM(CLEAN(E399)) -> System Issue | X399: =PROPER(TRIM(CLEAN(C399))) -> Operations | Y399: =IF(J399<=K399,"Within SLA","SLA Breach") -> Within SLA | Z399: =IF(AND(F399="Critical",Y398="SLA Breach"),"Critical Risk","Normal") -> Normal | AA399: {=_xlfn.IFS( J399<=K399*0.5,"Excellent", J399<=K399,"Good", J399<=K399*1.5,"At Risk", TRUE,"Critical" )} -> Excellent | AB399: =IF(M399>0,"Reworked","No Rework") -> No Rework
... A582: OPS-101338 | B582: 45803 | C582: Finance | D582: Hyderabad | E582: Data Correction | F582: High | G582: Portal | H582: MIS | I582: Closed | J582: 8.7 | K582: 12 | L582: No | M582: 1 | N582: 4.9 | O582: 450 | P582: 3915 | Q582: May | R582: 5 | S582: Q2 | T582: Monday | U582: =TRIM(CLEAN(tbl_Operations[[#This Row],[Location]])) -> Hyderabad | V582: =TRIM(CLEAN(tbl_Operations[[#This Row],[Channel]])) -> Portal | W582: =TRIM(CLEAN(E582)) -> Data Correction | X582: =PROPER(TRIM(CLEAN(C582))) -> Finance | Y582: =IF(J582<=K582,"Within SLA","SLA Breach") -> Within SLA | Z582: =IF(AND(F582="Critical",Y581="SLA Breach"),"Critical Risk","Normal") -> Normal | AA582: {=_xlfn.IFS( J582<=K582*0.5,"Excellent", J582<=K582,"Good", J582<=K582*1.5,"At Risk", TRUE,"Critical" )} -> Good | AB582: =IF(M582>0,"Reworked","No Rework") -> Reworked
A583: OPS-104101 | B583: 45846 | C583: Customer Support | D583: Hyderabad | E583: Employee Query | F583: Low | G583: Phone | H583: Finance Ops | I583: Closed | J583: 33.5 | K583: 48 | L583: No | M583: 0 | N583: Unknown | O583: 320 | P583: 10720 | Q583: Jul | R583: 7 | S583: Q3 | T583: Tuesday | U583: =TRIM(CLEAN(tbl_Operations[[#This Row],[Location]])) -> Hyderabad | V583: =TRIM(CLEAN(tbl_Operations[[#This Row],[Channel]])) -> Phone | W583: =TRIM(CLEAN(E583)) -> Employee Query | X583: =PROPER(TRIM(CLEAN(C583))) -> Customer Support | Y583: =IF(J583<=K583,"Within SLA","SLA Breach") -> Within SLA | Z583: =IF(AND(F583="Critical",Y582="SLA Breach"),"Critical Risk","Normal") -> Normal | AA583: {=_xlfn.IFS( J583<=K583*0.5,"Excellent", J583<=K583,"Good", J583<=K583*1.5,"At Risk", TRUE,"Critical" )} -> Good | AB583: =IF(M583>0,"Reworked","No Rework") -> No Rework
A584: OPS-102111 | B584: 45733 | C584: Operations | D584: Mumbai | E584: Vendor Query | F584: Low | G584: Teams | H584: Finance Ops | I584: Closed | J584: 7.4 | K584: 48 | L584: No | M584: 0 | N584: 4.2 | O584: 400 | P584: 2960 | Q584: Mar | R584: 3 | S584: Q1 | T584: Monday | U584: =TRIM(CLEAN(tbl_Operations[[#This Row],[Location]])) -> Mumbai | V584: =TRIM(CLEAN(tbl_Operations[[#This Row],[Channel]])) -> Teams | W584: =TRIM(CLEAN(E584)) -> Vendor Query | X584: =PROPER(TRIM(CLEAN(C584))) -> Operations | Y584: =IF(J584<=K584,"Within SLA","SLA Breach") -> Within SLA | Z584: =IF(AND(F584="Critical",Y583="SLA Breach"),"Critical Risk","Normal") -> Normal | AA584: {=_xlfn.IFS( J584<=K584*0.5,"Excellent", J584<=K584,"Good", J584<=K584*1.5,"At Risk", TRUE,"Critical" )} -> Excellent | AB584: =IF(M584>0,"Reworked","No Rework") -> No Rework
A585: OPS-102546 | B585: 45857 | C585: Procurement | D585: Mumbai | E585: Invoice Query | F585: High | G585: Email | H585: IT Support | I585: Closed | J585: 4.5 | K585: 12 | L585: No | M585: 1 | N585: 5 | O585: 280 | P585: 1260 | Q585: Jul | R585: 7 | S585: Q3 | T585: Saturday | U585: =TRIM(CLEAN(tbl_Operations[[#This Row],[Location]])) -> Mumbai | V585: =TRIM(CLEAN(tbl_Operations[[#This Row],[Channel]])) -> Email | W585: =TRIM(CLEAN(E585)) -> Invoice Query | X585: =PROPER(TRIM(CLEAN(C585))) -> Procurement | Y585: =IF(J585<=K585,"Within SLA","SLA Breach") -> Within SLA | Z585: =IF(AND(F585="Critical",Y584="SLA Breach"),"Critical Risk","Normal") -> Normal | AA585: {=_xlfn.IFS( J585<=K585*0.5,"Excellent", J585<=K585,"Good", J585<=K585*1.5,"At Risk", TRUE,"Critical" )} -> Excellent | AB585: =IF(M585>0,"Reworked","No Rework") -> Reworked
A586: OPS-104121 | B586: 45845 | C586: Finance | D586: Noida | E586: System Issue | F586: Low | G586: Email | H586: MIS | I586: Closed | J586: 14.9 | K586: 48 | L586: No | M586: 2 | N586: 4.5 | O586: 280 | P586: 4172 | Q586: Jul | R586: 7 | S586: Q3 | T586: Monday | U586: =TRIM(CLEAN(tbl_Operations[[#This Row],[Location]])) -> Noida | V586: =TRIM(CLEAN(tbl_Operations[[#This Row],[Channel]])) -> Email | W586: =TRIM(CLEAN(E586)) -> System Issue | X586: =PROPER(TRIM(CLEAN(C586))) -> Finance | Y586: =IF(J586<=K586,"Within SLA","SLA Breach") -> Within SLA | Z586: =IF(AND(F586="Critical",Y585="SLA Breach"),"Critical Risk","Normal") -> Normal | AA586: {=_xlfn.IFS( J586<=K586*0.5,"Excellent", J586<=K586,"Good", J586<=K586*1.5,"At Risk", TRUE,"Critical" )} -> Excellent | AB586: =IF(M586>0,"Reworked","No Rework") -> Reworked
A587: OPS-103033 | B587: 45870 | C587: HR | D587: Noida | E587: Employee Query | F587: Medium | G587: Portal | H587: HR Ops | I587: Closed | J587: 11.1 | K587: 24 | L587: No | M587: 1 | N587: 5 | O587: 350 | P587: 3885 | Q587: Aug | R587: 8 | S587: Q3 | T587: Friday | U587: =TRIM(CLEAN(tbl_Operations[[#This Row],[Location]])) -> Noida | V587: =TRIM(CLEAN(tbl_Operations[[#This Row],[Channel]])) -> Portal | W587: =TRIM(CLEAN(E587)) -> Employee Query | X587: =PROPER(TRIM(CLEAN(C587))) -> Hr | Y587: =IF(J587<=K587,"Within SLA","SLA Breach") -> Within SLA | Z587: =IF(AND(F587="Critical",Y586="SLA Breach"),"Critical Risk","Normal") -> Normal | AA587: {=_xlfn.IFS( J587<=K587*0.5,"Excellent", J587<=K587,"Good", J587<=K587*1.5,"At Risk", TRUE,"Critical" )} -> Excellent | AB587: =IF(M587>0,"Reworked","No Rework") -> Reworked
A588: OPS-100501 | B588: 45904 | C588: IT | D588: Noida | E588: System Issue | F588: High | G588: Portal | H588: Finance Ops | I588: Closed | J588: 1 | K588: 12 | L588: No | M588: 0 | N588: 5 | O588: 400 | P588: 400 | Q588: Sep | R588: 9 | S588: Q3 | T588: Thursday | U588: =TRIM(CLEAN(tbl_Operations[[#This Row],[Location]])) -> Noida | V588: =TRIM(CLEAN(tbl_Operations[[#This Row],[Channel]])) -> Portal | W588: =TRIM(CLEAN(E588)) -> System Issue | X588: =PROPER(TRIM(CLEAN(C588))) -> It | Y588: =IF(J588<=K588,"Within SLA","SLA Breach") -> Within SLA | Z588: =IF(AND(F588="Critical",Y587="SLA Breach"),"Critical Risk","Normal") -> Normal | AA588: {=_xlfn.IFS( J588<=K588*0.5,"Excellent", J588<=K588,"Good", J588<=K588*1.5,"At Risk", TRUE,"Critical" )} -> Excellent | AB588: =IF(M588>0,"Reworked","No Rework") -> No Rework
A589: OPS-100337 | B589: 45890 | C589: Sales | D589: Unknown | E589: Access Request | F589: Medium | G589: Email | H589: Finance Ops | I589: Escalated | J589: 36 | K589: 24 | L589: Yes | M589: 2 | N589: 4 | O589: 280 | P589: 10080 | Q589: Aug | R589: 8 | S589: Q3 | T589: Thursday | U589: =TRIM(CLEAN(tbl_Operations[[#This Row],[Location]])) -> Unknown | V589: =TRIM(CLEAN(tbl_Operations[[#This Row],[Channel]])) -> Email | W589: =TRIM(CLEAN(E589)) -> Access Request | X589: =PROPER(TRIM(CLEAN(C589))) -> Sales | Y589: =IF(J589<=K589,"Within SLA","SLA Breach") -> SLA Breach | Z589: =IF(AND(F589="Critical",Y588="SLA Breach"),"Critical Risk","Normal") -> Normal | AA589: {=_xlfn.IFS( J589<=K589*0.5,"Excellent", J589<=K589,"Good", J589<=K589*1.5,"At Risk", TRUE,"Critical" )} -> At Risk | AB589: =IF(M589>0,"Reworked","No Rework") -> Reworked
A590: OPS-103493 | B590: 45806 | C590: HR | D590: Bengaluru | E590: Data Correction | F590: Critical | G590: Teams | H590: Vendor Management | I590: Closed | J590: 6.3 | K590: 4 | L590: Yes | M590: 0 | N590: 5 | O590: 450 | P590: 2835 | Q590: May | R590: 5 | S590: Q2 | T590: Thursday | U590: =TRIM(CLEAN(tbl_Operations[[#This Row],[Location]])) -> Bengaluru | V590: =TRIM(CLEAN(tbl_Operations[[#This Row],[Channel]])) -> Teams | W590: =TRIM(CLEAN(E590)) -> Data Correction | X590: =PROPER(TRIM(CLEAN(C590))) -> Hr | Y590: =IF(J590<=K590,"Within SLA","SLA Breach") -> SLA Breach | Z590: =IF(AND(F590="Critical",Y589="SLA Breach"),"Critical Risk","Normal") -> Critical Risk | AA590: {=_xlfn.IFS( J590<=K590*0.5,"Excellent", J590<=K590,"Good", J590<=K590*1.5,"At Risk", TRUE,"Critical" )} -> Critical | AB590: =IF(M590>0,"Reworked","No Rework") -> No Rework
A591: OPS-101310 | B591: 45815 | C591: IT | D591: Gurugram | E591: Employee Query | F591: Low | G591: Teams | H591: HR Ops | I591: Escalated | J591: 12.9 | K591: 48 | L591: No | M591: 2 | N591: 4.6 | O591: 450 | P591: 5805 | Q591: Jun | R591: 6 | S591: Q2 | T591: Saturday | U591: =TRIM(CLEAN(tbl_Operations[[#This Row],[Location]])) -> Gurugram | V591: =TRIM(CLEAN(tbl_Operations[[#This Row],[Channel]])) -> Teams | W591: =TRIM(CLEAN(E591)) -> Employee Query | X591: =PROPER(TRIM(CLEAN(C591))) -> It | Y591: =IF(J591<=K591,"Within SLA","SLA Breach") -> Within SLA | Z591: =IF(AND(F591="Critical",Y590="SLA Breach"),"Critical Risk","Normal") -> Normal | AA591: {=_xlfn.IFS( J591<=K591*0.5,"Excellent", J591<=K591,"Good", J591<=K591*1.5,"At Risk", TRUE,"Critical" )} -> Excellent | AB591: =IF(M591>0,"Reworked","No Rework") -> Reworked
A592: OPS-101251 | B592: 45665 | C592: Sales | D592: Unknown | E592: Data Correction | F592: High | G592: Portal | H592: Vendor Management | I592: Closed | J592: 15 | K592: 12 | L592: Yes | M592: 1 | N592: 4.4 | O592: 280 | P592: 4200 | Q592: Jan | R592: 1 | S592: Q1 | T592: Wednesday | U592: =TRIM(CLEAN(tbl_Operations[[#This Row],[Location]])) -> Unknown | V592: =TRIM(CLEAN(tbl_Operations[[#This Row],[Channel]])) -> Portal | W592: =TRIM(CLEAN(E592)) -> Data Correction | X592: =PROPER(TRIM(CLEAN(C592))) -> Sales | Y592: =IF(J592<=K592,"Within SLA","SLA Breach") -> SLA Breach | Z592: =IF(AND(F592="Critical",Y591="SLA Breach"),"Critical Risk","Normal") -> Normal | AA592: {=_xlfn.IFS( J592<=K592*0.5,"Excellent", J592<=K592,"Good", J592<=K592*1.5,"At Risk", TRUE,"Critical" )} -> At Risk | AB592: =IF(M592>0,"Reworked","No Rework") -> Reworked
A593: OPS-102405 | B593: 45895 | C593: Customer Support | D593: Gurugram | E593: Access Request | F593: Medium | G593: Portal | H593: IT Support | I593: Pending | J593: 7.3 | K593: 24 | L593: No | M593: 0 | N593: 4.7 | O593: 350 | P593: 2555 | Q593: Aug | R593: 8 | S593: Q3 | T593: Tuesday | U593: =TRIM(CLEAN(tbl_Operations[[#This Row],[Location]])) -> Gurugram | V593: =TRIM(CLEAN(tbl_Operations[[#This Row],[Channel]])) -> Portal | W593: =TRIM(CLEAN(E593)) -> Access Request | X593: =PROPER(TRIM(CLEAN(C593))) -> Customer Support | Y593: =IF(J593<=K593,"Within SLA","SLA Breach") -> Within SLA | Z593: =IF(AND(F593="Critical",Y592="SLA Breach"),"Critical Risk","Normal") -> Normal | AA593: {=_xlfn.IFS( J593<=K593*0.5,"Excellent", J593<=K593,"Good", J593<=K593*1.5,"At Risk", TRUE,"Critical" )} -> Excellent | AB593: =IF(M593>0,"Reworked","No Rework") -> No Rework
A594: OPS-100710 | B594: 45910 | C594: Sales | D594: Hyderabad | E594: Employee Query | F594: Medium | G594: Teams | H594: IT Support | I594: Closed | J594: 25.5 | K594: 24 | L594: Yes | M594: 1 | N594: 3.1 | O594: 400 | P594: 10200 | Q594: Sep | R594: 9 | S594: Q3 | T594: Wednesday | U594: =TRIM(CLEAN(tbl_Operations[[#This Row],[Location]])) -> Hyderabad | V594: =TRIM(CLEAN(tbl_Operations[[#This Row],[Channel]])) -> Teams | W594: =TRIM(CLEAN(E594)) -> Employee Query | X594: =PROPER(TRIM(CLEAN(C594))) -> Sales | Y594: =IF(J594<=K594,"Within SLA","SLA Breach") -> SLA Breach | Z594: =IF(AND(F594="Critical",Y593="SLA Breach"),"Critical Risk","Normal") -> Normal | AA594: {=_xlfn.IFS( J594<=K594*0.5,"Excellent", J594<=K594,"Good", J594<=K594*1.5,"At Risk", TRUE,"Critical" )} -> At Risk | AB594: =IF(M594>0,"Reworked","No Rework") -> Reworked
A595: OPS-101862 | B595: 45865 | C595: Sales | D595: Noida | E595: Unknown | F595: High | G595: Email | H595: Finance Ops | I595: Escalated | J595: 46.4 | K595: 12 | L595: Yes | M595: 1 | N595: 4 | O595: 450 | P595: 20880 | Q595: Jul | R595: 7 | S595: Q3 | T595: Sunday | U595: =TRIM(CLEAN(tbl_Operations[[#This Row],[Location]])) -> Noida | V595: =TRIM(CLEAN(tbl_Operations[[#This Row],[Channel]])) -> Email | W595: =TRIM(CLEAN(E595)) -> Unknown | X595: =PROPER(TRIM(CLEAN(C595))) -> Sales | Y595: =IF(J595<=K595,"Within SLA","SLA Breach") -> SLA Breach | Z595: =IF(AND(F595="Critical",Y594="SLA Breach"),"Critical Risk","Normal") -> Normal | AA595: {=_xlfn.IFS( J595<=K595*0.5,"Excellent", J595<=K595,"Good", J595<=K595*1.5,"At Risk", TRUE,"Critical" )} -> Critical | AB595: =IF(M595>0,"Reworked","No Rework") -> Reworked
... A624: OPS-100262 | B624: 45769 | C624: HR | D624: Bengaluru | E624: Report Request | F624: Low | G624: Portal | H624: Vendor Management | I624: Closed | J624: 4.7 | K624: 48 | L624: No | M624: 0 | N624: 5 | O624: 400 | P624: 1880 | Q624: Apr | R624: 4 | S624: Q2 | T624: Tuesday | U624: =TRIM(CLEAN(tbl_Operations[[#This Row],[Location]])) -> Bengaluru | V624: =TRIM(CLEAN(tbl_Operations[[#This Row],[Channel]])) -> Portal | W624: =TRIM(CLEAN(E624)) -> Report Request | X624: =PROPER(TRIM(CLEAN(C624))) -> Hr | Y624: =IF(J624<=K624,"Within SLA","SLA Breach") -> Within SLA | Z624: =IF(AND(F624="Critical",Y623="SLA Breach"),"Critical Risk","Normal") -> Normal | AA624: {=_xlfn.IFS( J624<=K624*0.5,"Excellent", J624<=K624,"Good", J624<=K624*1.5,"At Risk", TRUE,"Critical" )} -> Excellent | AB624: =IF(M624>0,"Reworked","No Rework") -> No Rework
A625: OPS-101471 | B625: 45760 | C625: Procurement | D625: Hyderabad | E625: Data Correction | F625: Medium | G625: Email | H625: Vendor Management | I625: Closed | J625: 6.5 | K625: 24 | L625: No | M625: 1 | N625: Unknown | O625: 320 | P625: 2080 | Q625: Apr | R625: 4 | S625: Q2 | T625: Sunday | U625: =TRIM(CLEAN(tbl_Operations[[#This Row],[Location]])) -> Hyderabad | V625: =TRIM(CLEAN(tbl_Operations[[#This Row],[Channel]])) -> Email | W625: =TRIM(CLEAN(E625)) -> Data Correction | X625: =PROPER(TRIM(CLEAN(C625))) -> Procurement | Y625: =IF(J625<=K625,"Within SLA","SLA Breach") -> Within SLA | Z625: =IF(AND(F625="Critical",Y624="SLA Breach"),"Critical Risk","Normal") -> Normal | AA625: {=_xlfn.IFS( J625<=K625*0.5,"Excellent", J625<=K625,"Good", J625<=K625*1.5,"At Risk", TRUE,"Critical" )} -> Excellent | AB625: =IF(M625>0,"Reworked","No Rework") -> Reworked
A626: OPS-103594 | B626: 45848 | C626: HR | D626: Pune | E626: Invoice Query | F626: Medium | G626: Email | H626: Vendor Management | I626: Escalated | J626: 17.8 | K626: 24 | L626: No | M626: 2 | N626: 3.7 | O626: 320 | P626: 5696 | Q626: Jul | R626: 7 | S626: Q3 | T626: Thursday | U626: =TRIM(CLEAN(tbl_Operations[[#This Row],[Location]])) -> Pune | V626: =TRIM(CLEAN(tbl_Operations[[#This Row],[Channel]])) -> Email | W626: =TRIM(CLEAN(E626)) -> Invoice Query | X626: =PROPER(TRIM(CLEAN(C626))) -> Hr | Y626: =IF(J626<=K626,"Within SLA","SLA Breach") -> Within SLA | Z626: =IF(AND(F626="Critical",Y625="SLA Breach"),"Critical Risk","Normal") -> Normal | AA626: {=_xlfn.IFS( J626<=K626*0.5,"Excellent", J626<=K626,"Good", J626<=K626*1.5,"At Risk", TRUE,"Critical" )} -> Good | AB626: =IF(M626>0,"Reworked","No Rework") -> Reworked
A627: OPS-102209 | B627: 45827 | C627: Procurement | D627: Mumbai | E627: Vendor Query | F627: Low | G627: Portal | H627: HR Ops | I627: Closed | J627: 4.3 | K627: 48 | L627: No | M627: 1 | N627: 4.6 | O627: 450 | P627: 1935 | Q627: Jun | R627: 6 | S627: Q2 | T627: Thursday | U627: =TRIM(CLEAN(tbl_Operations[[#This Row],[Location]])) -> Mumbai | V627: =TRIM(CLEAN(tbl_Operations[[#This Row],[Channel]])) -> Portal | W627: =TRIM(CLEAN(E627)) -> Vendor Query | X627: =PROPER(TRIM(CLEAN(C627))) -> Procurement | Y627: =IF(J627<=K627,"Within SLA","SLA Breach") -> Within SLA | Z627: =IF(AND(F627="Critical",Y626="SLA Breach"),"Critical Risk","Normal") -> Normal | AA627: {=_xlfn.IFS( J627<=K627*0.5,"Excellent", J627<=K627,"Good", J627<=K627*1.5,"At Risk", TRUE,"Critical" )} -> Excellent | AB627: =IF(M627>0,"Reworked","No Rework") -> Reworked
A628: OPS-104604 | B628: 45902 | C628: Customer Support | D628: Mumbai | E628: Compliance Request | F628: medium | G628: Email | H628: Finance Ops | I628: Escalated | J628: 1.5 | K628: 48 | L628: No | M628: 1 | N628: 5 | O628: 320 | P628: 480 | Q628: Sep | R628: 9 | S628: Q3 | T628: Tuesday | U628: =TRIM(CLEAN(tbl_Operations[[#This Row],[Location]])) -> Mumbai | V628: =TRIM(CLEAN(tbl_Operations[[#This Row],[Channel]])) -> Email | W628: =TRIM(CLEAN(E628)) -> Compliance Request | X628: =PROPER(TRIM(CLEAN(C628))) -> Customer Support | Y628: =IF(J628<=K628,"Within SLA","SLA Breach") -> Within SLA | Z628: =IF(AND(F628="Critical",Y627="SLA Breach"),"Critical Risk","Normal") -> Normal | AA628: {=_xlfn.IFS( J628<=K628*0.5,"Excellent", J628<=K628,"Good", J628<=K628*1.5,"At Risk", TRUE,"Critical" )} -> Excellent | AB628: =IF(M628>0,"Reworked","No Rework") -> Reworked
A629: OPS-102921 | B629: 45743 | C629: Sales | D629: Chennai | E629: System Issue | F629: Medium | G629: Teams | H629: Vendor Management | I629: Closed | J629: 3.1 | K629: 24 | L629: No | M629: 1 | N629: 4.8 | O629: 400 | P629: 1240 | Q629: Mar | R629: 3 | S629: Q1 | T629: Thursday | U629: =TRIM(CLEAN(tbl_Operations[[#This Row],[Location]])) -> Chennai | V629: =TRIM(CLEAN(tbl_Operations[[#This Row],[Channel]])) -> Teams | W629: =TRIM(CLEAN(E629)) -> System Issue | X629: =PROPER(TRIM(CLEAN(C629))) -> Sales | Y629: =IF(J629<=K629,"Within SLA","SLA Breach") -> Within SLA | Z629: =IF(AND(F629="Critical",Y628="SLA Breach"),"Critical Risk","Normal") -> Normal | AA629: {=_xlfn.IFS( J629<=K629*0.5,"Excellent", J629<=K629,"Good", J629<=K629*1.5,"At Risk", TRUE,"Critical" )} -> Excellent | AB629: =IF(M629>0,"Reworked","No Rework") -> Reworked
A630: OPS-102957 | B630: 45919 | C630: HR | D630: Chennai | E630: Invoice Query | F630: Medium | G630: Portal | H630: Finance Ops | I630: Closed | J630: 10.8 | K630: 24 | L630: No | M630: 1 | N630: 4.4 | O630: 350 | P630: 3780 | Q630: Sep | R630: 9 | S630: Q3 | T630: Friday | U630: =TRIM(CLEAN(tbl_Operations[[#This Row],[Location]])) -> Chennai | V630: =TRIM(CLEAN(tbl_Operations[[#This Row],[Channel]])) -> Portal | W630: =TRIM(CLEAN(E630)) -> Invoice Query | X630: =PROPER(TRIM(CLEAN(C630))) -> Hr | Y630: =IF(J630<=K630,"Within SLA","SLA Breach") -> Within SLA | Z630: =IF(AND(F630="Critical",Y629="SLA Breach"),"Critical Risk","Normal") -> Normal | AA630: {=_xlfn.IFS( J630<=K630*0.5,"Excellent", J630<=K630,"Good", J630<=K630*1.5,"At Risk", TRUE,"Critical" )} -> Excellent | AB630: =IF(M630>0,"Reworked","No Rework") -> Reworked
A631: OPS-100042 | B631: 45788 | C631: Customer Support | D631: Noida | E631: Compliance Request | F631: Medium | G631: Portal | H631: Vendor Management | I631: Closed | J631: 10.5 | K631: 24 | L631: No | M631: 0 | N631: 4.5 | O631: 320 | P631: 3360 | Q631: May | R631: 5 | S631: Q2 | T631: Sunday | U631: =TRIM(CLEAN(tbl_Operations[[#This Row],[Location]])) -> Noida | V631: =TRIM(CLEAN(tbl_Operations[[#This Row],[Channel]])) -> Portal | W631: =TRIM(CLEAN(E631)) -> Compliance Request | X631: =PROPER(TRIM(CLEAN(C631))) -> Customer Support | Y631: =IF(J631<=K631,"Within SLA","SLA Breach") -> Within SLA | Z631: =IF(AND(F631="Critical",Y630="SLA Breach"),"Critical Risk","Normal") -> Normal | AA631: {=_xlfn.IFS( J631<=K631*0.5,"Excellent", J631<=K631,"Good", J631<=K631*1.5,"At Risk", TRUE,"Critical" )} -> Excellent | AB631: =IF(M631>0,"Reworked","No Rework") -> No Rework
A632: OPS-103832 | B632: 45791 | C632: Operations | D632: Unknown | E632: Compliance Request | F632: Low | G632: Email | H632: HR Ops | I632: Pending | J632: 8.3 | K632: 48 | L632: No | M632: 1 | N632: 4 | O632: 350 | P632: 2905 | Q632: May | R632: 5 | S632: Q2 | T632: Wednesday | U632: =TRIM(CLEAN(tbl_Operations[[#This Row],[Location]])) -> Unknown | V632: =TRIM(CLEAN(tbl_Operations[[#This Row],[Channel]])) -> Email | W632: =TRIM(CLEAN(E632)) -> Compliance Request | X632: =PROPER(TRIM(CLEAN(C632))) -> Operations | Y632: =IF(J632<=K632,"Within SLA","SLA Breach") -> Within SLA | Z632: =IF(AND(F632="Critical",Y631="SLA Breach"),"Critical Risk","Normal") -> Normal | AA632: {=_xlfn.IFS( J632<=K632*0.5,"Excellent", J632<=K632,"Good", J632<=K632*1.5,"At Risk", TRUE,"Critical" )} -> Excellent | AB632: =IF(M632>0,"Reworked","No Rework") -> Reworked
A633: OPS-102917 | B633: 45755 | C633: Operations | D633: Gurugram | E633: Access Request | F633: Low | G633: Email | H633: MIS | I633: Closed | J633: 12.1 | K633: 48 | L633: No | M633: 1 | N633: 4.2 | O633: 450 | P633: 5445 | Q633: Apr | R633: 4 | S633: Q2 | T633: Tuesday | U633: =TRIM(CLEAN(tbl_Operations[[#This Row],[Location]])) -> Gurugram | V633: =TRIM(CLEAN(tbl_Operations[[#This Row],[Channel]])) -> Email | W633: =TRIM(CLEAN(E633)) -> Access Request | X633: =PROPER(TRIM(CLEAN(C633))) -> Operations | Y633: =IF(J633<=K633,"Within SLA","SLA Breach") -> Within SLA | Z633: =IF(AND(F633="Critical",Y632="SLA Breach"),"Critical Risk","Normal") -> Normal | AA633: {=_xlfn.IFS( J633<=K633*0.5,"Excellent", J633<=K633,"Good", J633<=K633*1.5,"At Risk", TRUE,"Critical" )} -> Excellent | AB633: =IF(M633>0,"Reworked","No Rework") -> Reworked
A634: OPS-103342 | B634: 45958 | C634: Procurement | D634: Noida | E634: Invoice Query | F634: Medium | G634: Email | H634: HR Ops | I634: Closed | J634: 30.6 | K634: 24 | L634: Yes | M634: 2 | N634: 3.4 | O634: 350 | P634: 10710 | Q634: Oct | R634: 10 | S634: Q4 | T634: Tuesday | U634: =TRIM(CLEAN(tbl_Operations[[#This Row],[Location]])) -> Noida | V634: =TRIM(CLEAN(tbl_Operations[[#This Row],[Channel]])) -> Email | W634: =TRIM(CLEAN(E634)) -> Invoice Query | X634: =PROPER(TRIM(CLEAN(C634))) -> Procurement | Y634: =IF(J634<=K634,"Within SLA","SLA Breach") -> SLA Breach | Z634: =IF(AND(F634="Critical",Y633="SLA Breach"),"Critical Risk","Normal") -> Normal | AA634: {=_xlfn.IFS( J634<=K634*0.5,"Excellent", J634<=K634,"Good", J634<=K634*1.5,"At Risk", TRUE,"Critical" )} -> At Risk | AB634: =IF(M634>0,"Reworked","No Rework") -> Reworked
A635: OPS-102843 | B635: 45777 | C635: IT | D635: Mumbai | E635: Vendor Query | F635: Medium | G635: Portal | H635: Finance Ops | I635: Closed | J635: 10.6 | K635: 24 | L635: No | M635: 0 | N635: 4.7 | O635: 280 | P635: 2968 | Q635: Apr | R635: 4 | S635: Q2 | T635: Wednesday | U635: =TRIM(CLEAN(tbl_Operations[[#This Row],[Location]])) -> Mumbai | V635: =TRIM(CLEAN(tbl_Operations[[#This Row],[Channel]])) -> Portal | W635: =TRIM(CLEAN(E635)) -> Vendor Query | X635: =PROPER(TRIM(CLEAN(C635))) -> It | Y635: =IF(J635<=K635,"Within SLA","SLA Breach") -> Within SLA | Z635: =IF(AND(F635="Critical",Y634="SLA Breach"),"Critical Risk","Normal") -> Normal | AA635: {=_xlfn.IFS( J635<=K635*0.5,"Excellent", J635<=K635,"Good", J635<=K635*1.5,"At Risk", TRUE,"Critical" )} -> Excellent | AB635: =IF(M635>0,"Reworked","No Rework") -> No Rework
A636: OPS-102857 | B636: 45995 | C636: Customer Support | D636: Hyderabad | E636: Access Request | F636: Low | G636: Teams | H636: Vendor Management | I636: Pending | J636: 17 | K636: 48 | L636: No | M636: 0 | N636: 4.4 | O636: 320 | P636: 5440 | Q636: Dec | R636: 12 | S636: Q4 | T636: Thursday | U636: =TRIM(CLEAN(tbl_Operations[[#This Row],[Location]])) -> Hyderabad | V636: =TRIM(CLEAN(tbl_Operations[[#This Row],[Channel]])) -> Teams | W636: =TRIM(CLEAN(E636)) -> Access Request | X636: =PROPER(TRIM(CLEAN(C636))) -> Customer Support | Y636: =IF(J636<=K636,"Within SLA","SLA Breach") -> Within SLA | Z636: =IF(AND(F636="Critical",Y635="SLA Breach"),"Critical Risk","Normal") -> Normal | AA636: {=_xlfn.IFS( J636<=K636*0.5,"Excellent", J636<=K636,"Good", J636<=K636*1.5,"At Risk", TRUE,"Critical" )} -> Excellent | AB636: =IF(M636>0,"Reworked","No Rework") -> No Rework
A637: OPS-100552 | B637: 45694 | C637: Finance | D637: Noida | E637: Report Request | F637: Medium | G637: Email | H637: Vendor Management | I637: Pending | J637: 20.7 | K637: 24 | L637: No | M637: 1 | N637: 4 | O637: 400 | P637: 8280 | Q637: Feb | R637: 2 | S637: Q1 | T637: Thursday | U637: =TRIM(CLEAN(tbl_Operations[[#This Row],[Location]])) -> Noida | V637: =TRIM(CLEAN(tbl_Operations[[#This Row],[Channel]])) -> Email | W637: =TRIM(CLEAN(E637)) -> Report Request | X637: =PROPER(TRIM(CLEAN(C637))) -> Finance | Y637: =IF(J637<=K637,"Within SLA","SLA Breach") -> Within SLA | Z637: =IF(AND(F637="Critical",Y636="SLA Breach"),"Critical Risk","Normal") -> Normal | AA637: {=_xlfn.IFS( J637<=K637*0.5,"Excellent", J637<=K637,"Good", J637<=K637*1.5,"At Risk", TRUE,"Critical" )} -> Good | AB637: =IF(M637>0,"Reworked","No Rework") -> Reworked
... A658: OPS-102813 | B658: 45727 | C658: Finance | D658: Chennai | E658: Vendor Query | F658: Medium | G658: Portal | H658: HR Ops | I658: Closed | J658: 13.2 | K658: 24 | L658: No | M658: 0 | N658: 4.9 | O658: 350 | P658: 4620 | Q658: Mar | R658: 3 | S658: Q1 | T658: Tuesday | U658: =TRIM(CLEAN(tbl_Operations[[#This Row],[Location]])) -> Chennai | V658: =TRIM(CLEAN(tbl_Operations[[#This Row],[Channel]])) -> Portal | W658: =TRIM(CLEAN(E658)) -> Vendor Query | X658: =PROPER(TRIM(CLEAN(C658))) -> Finance | Y658: =IF(J658<=K658,"Within SLA","SLA Breach") -> Within SLA | Z658: =IF(AND(F658="Critical",Y657="SLA Breach"),"Critical Risk","Normal") -> Normal | AA658: {=_xlfn.IFS( J658<=K658*0.5,"Excellent", J658<=K658,"Good", J658<=K658*1.5,"At Risk", TRUE,"Critical" )} -> Good | AB658: =IF(M658>0,"Reworked","No Rework") -> No Rework
A659: OPS-101452 | B659: 45704 | C659: HR | D659: Chennai | E659: Data Correction | F659: Low | G659: Portal | H659: Vendor Management | I659: Closed | J659: 11.2 | K659: 48 | L659: No | M659: 1 | N659: Unknown | O659: 400 | P659: 4480 | Q659: Feb | R659: 2 | S659: Q1 | T659: Sunday | U659: =TRIM(CLEAN(tbl_Operations[[#This Row],[Location]])) -> Chennai | V659: =TRIM(CLEAN(tbl_Operations[[#This Row],[Channel]])) -> Portal | W659: =TRIM(CLEAN(E659)) -> Data Correction | X659: =PROPER(TRIM(CLEAN(C659))) -> Hr | Y659: =IF(J659<=K659,"Within SLA","SLA Breach") -> Within SLA | Z659: =IF(AND(F659="Critical",Y658="SLA Breach"),"Critical Risk","Normal") -> Normal | AA659: {=_xlfn.IFS( J659<=K659*0.5,"Excellent", J659<=K659,"Good", J659<=K659*1.5,"At Risk", TRUE,"Critical" )} -> Excellent | AB659: =IF(M659>0,"Reworked","No Rework") -> Reworked
A660: OPS-103760 | B660: 45766 | C660: Procurement | D660: Bengaluru | E660: Employee Query | F660: High | G660: Phone | H660: MIS | I660: Closed | J660: 18.2 | K660: 12 | L660: Yes | M660: 2 | N660: 3.6 | O660: 450 | P660: 8190 | Q660: Apr | R660: 4 | S660: Q2 | T660: Saturday | U660: =TRIM(CLEAN(tbl_Operations[[#This Row],[Location]])) -> Bengaluru | V660: =TRIM(CLEAN(tbl_Operations[[#This Row],[Channel]])) -> Phone | W660: =TRIM(CLEAN(E660)) -> Employee Query | X660: =PROPER(TRIM(CLEAN(C660))) -> Procurement | Y660: =IF(J660<=K660,"Within SLA","SLA Breach") -> SLA Breach | Z660: =IF(AND(F660="Critical",Y659="SLA Breach"),"Critical Risk","Normal") -> Normal | AA660: {=_xlfn.IFS( J660<=K660*0.5,"Excellent", J660<=K660,"Good", J660<=K660*1.5,"At Risk", TRUE,"Critical" )} -> Critical | AB660: =IF(M660>0,"Reworked","No Rework") -> Reworked
A661: OPS-103988 | B661: 45741 | C661: Finance | D661: Chennai | E661: Report Request | F661: Low | G661: Email | H661: IT Support | I661: Closed | J661: 14.4 | K661: 48 | L661: No | M661: 0 | N661: 3.8 | O661: 350 | P661: 5040 | Q661: Mar | R661: 3 | S661: Q1 | T661: Tuesday | U661: =TRIM(CLEAN(tbl_Operations[[#This Row],[Location]])) -> Chennai | V661: =TRIM(CLEAN(tbl_Operations[[#This Row],[Channel]])) -> Email | W661: =TRIM(CLEAN(E661)) -> Report Request | X661: =PROPER(TRIM(CLEAN(C661))) -> Finance | Y661: =IF(J661<=K661,"Within SLA","SLA Breach") -> Within SLA | Z661: =IF(AND(F661="Critical",Y660="SLA Breach"),"Critical Risk","Normal") -> Normal | AA661: {=_xlfn.IFS( J661<=K661*0.5,"Excellent", J661<=K661,"Good", J661<=K661*1.5,"At Risk", TRUE,"Critical" )} -> Excellent | AB661: =IF(M661>0,"Reworked","No Rework") -> No Rework
A662: OPS-103756 | B662: 45986 | C662: Finance | D662: Gurugram | E662: Data Correction | F662: High | G662: Portal | H662: MIS | I662: Closed | J662: 49.9 | K662: 12 | L662: Yes | M662: 1 | N662: 3.4 | O662: 400 | P662: 19960 | Q662: Nov | R662: 11 | S662: Q4 | T662: Tuesday | U662: =TRIM(CLEAN(tbl_Operations[[#This Row],[Location]])) -> Gurugram | V662: =TRIM(CLEAN(tbl_Operations[[#This Row],[Channel]])) -> Portal | W662: =TRIM(CLEAN(E662)) -> Data Correction | X662: =PROPER(TRIM(CLEAN(C662))) -> Finance | Y662: =IF(J662<=K662,"Within SLA","SLA Breach") -> SLA Breach | Z662: =IF(AND(F662="Critical",Y661="SLA Breach"),"Critical Risk","Normal") -> Normal | AA662: {=_xlfn.IFS( J662<=K662*0.5,"Excellent", J662<=K662,"Good", J662<=K662*1.5,"At Risk", TRUE,"Critical" )} -> Critical | AB662: =IF(M662>0,"Reworked","No Rework") -> Reworked
A663: OPS-104882 | B663: 45860 | C663: Finance | D663: Mumbai | E663: Access Request | F663: Low | G663: Teams | H663: Vendor Management | I663: Pending | J663: 10.5 | K663: 48 | L663: No | M663: 1 | N663: 3.7 | O663: 450 | P663: 4725 | Q663: Jul | R663: 7 | S663: Q3 | T663: Tuesday | U663: =TRIM(CLEAN(tbl_Operations[[#This Row],[Location]])) -> Mumbai | V663: =TRIM(CLEAN(tbl_Operations[[#This Row],[Channel]])) -> Teams | W663: =TRIM(CLEAN(E663)) -> Access Request | X663: =PROPER(TRIM(CLEAN(C663))) -> Finance | Y663: =IF(J663<=K663,"Within SLA","SLA Breach") -> Within SLA | Z663: =IF(AND(F663="Critical",Y662="SLA Breach"),"Critical Risk","Normal") -> Normal | AA663: {=_xlfn.IFS( J663<=K663*0.5,"Excellent", J663<=K663,"Good", J663<=K663*1.5,"At Risk", TRUE,"Critical" )} -> Excellent | AB663: =IF(M663>0,"Reworked","No Rework") -> Reworked
A664: OPS-103190 | B664: 46018 | C664: Operations | D664: Mumbai | E664: Invoice Query | F664: High | G664: Email | H664: MIS | I664: Pending | J664: 7.9 | K664: 12 | L664: No | M664: 0 | N664: 4.9 | O664: 320 | P664: 2528 | Q664: Dec | R664: 12 | S664: Q4 | T664: Saturday | U664: =TRIM(CLEAN(tbl_Operations[[#This Row],[Location]])) -> Mumbai | V664: =TRIM(CLEAN(tbl_Operations[[#This Row],[Channel]])) -> Email | W664: =TRIM(CLEAN(E664)) -> Invoice Query | X664: =PROPER(TRIM(CLEAN(C664))) -> Operations | Y664: =IF(J664<=K664,"Within SLA","SLA Breach") -> Within SLA | Z664: =IF(AND(F664="Critical",Y663="SLA Breach"),"Critical Risk","Normal") -> Normal | AA664: {=_xlfn.IFS( J664<=K664*0.5,"Excellent", J664<=K664,"Good", J664<=K664*1.5,"At Risk", TRUE,"Critical" )} -> Good | AB664: =IF(M664>0,"Reworked","No Rework") -> No Rework
A665: OPS-104610 | B665: 45939 | C665: Sales | D665: Gurugram | E665: Access Request | F665: Medium | G665: Portal | H665: HR Ops | I665: Closed | J665: 18.7 | K665: 24 | L665: No | M665: 1 | N665: 4 | O665: 350 | P665: 6545 | Q665: Oct | R665: 10 | S665: Q4 | T665: Thursday | U665: =TRIM(CLEAN(tbl_Operations[[#This Row],[Location]])) -> Gurugram | V665: =TRIM(CLEAN(tbl_Operations[[#This Row],[Channel]])) -> Portal | W665: =TRIM(CLEAN(E665)) -> Access Request | X665: =PROPER(TRIM(CLEAN(C665))) -> Sales | Y665: =IF(J665<=K665,"Within SLA","SLA Breach") -> Within SLA | Z665: =IF(AND(F665="Critical",Y664="SLA Breach"),"Critical Risk","Normal") -> Normal | AA665: {=_xlfn.IFS( J665<=K665*0.5,"Excellent", J665<=K665,"Good", J665<=K665*1.5,"At Risk", TRUE,"Critical" )} -> Good | AB665: =IF(M665>0,"Reworked","No Rework") -> Reworked
A666: OPS-103310 | B666: 45989 | C666: Operations | D666: Hyderabad | E666: Access Request | F666: Medium | G666: Teams | H666: Finance Ops | I666: Closed | J666: 24.3 | K666: 24 | L666: Yes | M666: 0 | N666: 3.6 | O666: 350 | P666: 8505 | Q666: Nov | R666: 11 | S666: Q4 | T666: Friday | U666: =TRIM(CLEAN(tbl_Operations[[#This Row],[Location]])) -> Hyderabad | V666: =TRIM(CLEAN(tbl_Operations[[#This Row],[Channel]])) -> Teams | W666: =TRIM(CLEAN(E666)) -> Access Request | X666: =PROPER(TRIM(CLEAN(C666))) -> Operations | Y666: =IF(J666<=K666,"Within SLA","SLA Breach") -> SLA Breach | Z666: =IF(AND(F666="Critical",Y665="SLA Breach"),"Critical Risk","Normal") -> Normal | AA666: {=_xlfn.IFS( J666<=K666*0.5,"Excellent", J666<=K666,"Good", J666<=K666*1.5,"At Risk", TRUE,"Critical" )} -> At Risk | AB666: =IF(M666>0,"Reworked","No Rework") -> No Rework
A667: OPS-100377 | B667: 46012 | C667: HR | D667: Bengaluru | E667: Access Request | F667: Low | G667: Teams | H667: MIS | I667: Closed | J667: 8.8 | K667: 48 | L667: No | M667: 0 | N667: 4.5 | O667: 320 | P667: 2816 | Q667: Dec | R667: 12 | S667: Q4 | T667: Sunday | U667: =TRIM(CLEAN(tbl_Operations[[#This Row],[Location]])) -> Bengaluru | V667: =TRIM(CLEAN(tbl_Operations[[#This Row],[Channel]])) -> Teams | W667: =TRIM(CLEAN(E667)) -> Access Request | X667: =PROPER(TRIM(CLEAN(C667))) -> Hr | Y667: =IF(J667<=K667,"Within SLA","SLA Breach") -> Within SLA | Z667: =IF(AND(F667="Critical",Y666="SLA Breach"),"Critical Risk","Normal") -> Normal | AA667: {=_xlfn.IFS( J667<=K667*0.5,"Excellent", J667<=K667,"Good", J667<=K667*1.5,"At Risk", TRUE,"Critical" )} -> Excellent | AB667: =IF(M667>0,"Reworked","No Rework") -> No Rework
A668: OPS-102065 | B668: 45889 | C668: Procurement | D668: Gurugram | E668: Access Request | F668: Medium | G668: Email | H668: IT Support | I668: Escalated | J668: 18.7 | K668: 24 | L668: No | M668: 1 | N668: 3.8 | O668: 320 | P668: 5984 | Q668: Aug | R668: 8 | S668: Q3 | T668: Wednesday | U668: =TRIM(CLEAN(tbl_Operations[[#This Row],[Location]])) -> Gurugram | V668: =TRIM(CLEAN(tbl_Operations[[#This Row],[Channel]])) -> Email | W668: =TRIM(CLEAN(E668)) -> Access Request | X668: =PROPER(TRIM(CLEAN(C668))) -> Procurement | Y668: =IF(J668<=K668,"Within SLA","SLA Breach") -> Within SLA | Z668: =IF(AND(F668="Critical",Y667="SLA Breach"),"Critical Risk","Normal") -> Normal | AA668: {=_xlfn.IFS( J668<=K668*0.5,"Excellent", J668<=K668,"Good", J668<=K668*1.5,"At Risk", TRUE,"Critical" )} -> Good | AB668: =IF(M668>0,"Reworked","No Rework") -> Reworked
A669: OPS-102611 | B669: 45935 | C669: HR | D669: Bengaluru | E669: Vendor Query | F669: High | G669: Email | H669: MIS | I669: Closed | J669: 7.5 | K669: 12 | L669: No | M669: 0 | N669: 4.3 | O669: 320 | P669: 2400 | Q669: Oct | R669: 10 | S669: Q4 | T669: Sunday | U669: =TRIM(CLEAN(tbl_Operations[[#This Row],[Location]])) -> Bengaluru | V669: =TRIM(CLEAN(tbl_Operations[[#This Row],[Channel]])) -> Email | W669: =TRIM(CLEAN(E669)) -> Vendor Query | X669: =PROPER(TRIM(CLEAN(C669))) -> Hr | Y669: =IF(J669<=K669,"Within SLA","SLA Breach") -> Within SLA | Z669: =IF(AND(F669="Critical",Y668="SLA Breach"),"Critical Risk","Normal") -> Normal | AA669: {=_xlfn.IFS( J669<=K669*0.5,"Excellent", J669<=K669,"Good", J669<=K669*1.5,"At Risk", TRUE,"Critical" )} -> Good | AB669: =IF(M669>0,"Reworked","No Rework") -> No Rework
A670: OPS-101309 | B670: 45859 | C670: Finance | D670: Gurugram | E670: Access Request | F670: Low | G670: Email | H670: IT Support | I670: Escalated | J670: 50 | K670: 48 | L670: Yes | M670: 2 | N670: 2.8 | O670: 320 | P670: 16000 | Q670: Jul | R670: 7 | S670: Q3 | T670: Monday | U670: =TRIM(CLEAN(tbl_Operations[[#This Row],[Location]])) -> Gurugram | V670: =TRIM(CLEAN(tbl_Operations[[#This Row],[Channel]])) -> Email | W670: =TRIM(CLEAN(E670)) -> Access Request | X670: =PROPER(TRIM(CLEAN(C670))) -> Finance | Y670: =IF(J670<=K670,"Within SLA","SLA Breach") -> SLA Breach | Z670: =IF(AND(F670="Critical",Y669="SLA Breach"),"Critical Risk","Normal") -> Normal | AA670: {=_xlfn.IFS( J670<=K670*0.5,"Excellent", J670<=K670,"Good", J670<=K670*1.5,"At Risk", TRUE,"Critical" )} -> At Risk | AB670: =IF(M670>0,"Reworked","No Rework") -> Reworked
A671: OPS-102068 | B671: 46002 | C671: Finance | D671: Hyderabad | E671: Access Request | F671: Medium | G671: Portal | H671: Vendor Management | I671: Closed | J671: 7.2 | K671: 24 | L671: No | M671: 0 | N671: 4.9 | O671: 280 | P671: 2016 | Q671: Dec | R671: 12 | S671: Q4 | T671: Thursday | U671: =TRIM(CLEAN(tbl_Operations[[#This Row],[Location]])) -> Hyderabad | V671: =TRIM(CLEAN(tbl_Operations[[#This Row],[Channel]])) -> Portal | W671: =TRIM(CLEAN(E671)) -> Access Request | X671: =PROPER(TRIM(CLEAN(C671))) -> Finance | Y671: =IF(J671<=K671,"Within SLA","SLA Breach") -> Within SLA | Z671: =IF(AND(F671="Critical",Y670="SLA Breach"),"Critical Risk","Normal") -> Normal | AA671: {=_xlfn.IFS( J671<=K671*0.5,"Excellent", J671<=K671,"Good", J671<=K671*1.5,"At Risk", TRUE,"Critical" )} -> Excellent | AB671: =IF(M671>0,"Reworked","No Rework") -> No Rework
... A712: OPS-100711 | B712: 45739 | C712: Sales | D712: Pune | E712: Invoice Query | F712: Medium | G712: Portal | H712: IT Support | I712: Closed | J712: 26.4 | K712: 24 | L712: Yes | M712: 0 | N712: 4 | O712: 400 | P712: 10560 | Q712: Mar | R712: 3 | S712: Q1 | T712: Sunday | U712: =TRIM(CLEAN(tbl_Operations[[#This Row],[Location]])) -> Pune | V712: =TRIM(CLEAN(tbl_Operations[[#This Row],[Channel]])) -> Portal | W712: =TRIM(CLEAN(E712)) -> Invoice Query | X712: =PROPER(TRIM(CLEAN(C712))) -> Sales | Y712: =IF(J712<=K712,"Within SLA","SLA Breach") -> SLA Breach | Z712: =IF(AND(F712="Critical",Y711="SLA Breach"),"Critical Risk","Normal") -> Normal | AA712: {=_xlfn.IFS( J712<=K712*0.5,"Excellent", J712<=K712,"Good", J712<=K712*1.5,"At Risk", TRUE,"Critical" )} -> At Risk | AB712: =IF(M712>0,"Reworked","No Rework") -> No Rework
A713: OPS-102612 | B713: 45870 | C713: Finance | D713: Gurugram | E713: Vendor Query | F713: Low | G713: Email | H713: Finance Ops | I713: Closed | J713: 9.5 | K713: 48 | L713: No | M713: 0 | N713: Unknown | O713: 400 | P713: 3800 | Q713: Aug | R713: 8 | S713: Q3 | T713: Friday | U713: =TRIM(CLEAN(tbl_Operations[[#This Row],[Location]])) -> Gurugram | V713: =TRIM(CLEAN(tbl_Operations[[#This Row],[Channel]])) -> Email | W713: =TRIM(CLEAN(E713)) -> Vendor Query | X713: =PROPER(TRIM(CLEAN(C713))) -> Finance | Y713: =IF(J713<=K713,"Within SLA","SLA Breach") -> Within SLA | Z713: =IF(AND(F713="Critical",Y712="SLA Breach"),"Critical Risk","Normal") -> Normal | AA713: {=_xlfn.IFS( J713<=K713*0.5,"Excellent", J713<=K713,"Good", J713<=K713*1.5,"At Risk", TRUE,"Critical" )} -> Excellent | AB713: =IF(M713>0,"Reworked","No Rework") -> No Rework
A714: OPS-104825 | B714: 45718 | C714: Sales | D714: Noida | E714: Access Request | F714: Medium | G714: Email | H714: Vendor Management | I714: Escalated | J714: 16.8 | K714: 24 | L714: No | M714: 3 | N714: 4.2 | O714: 400 | P714: 6720 | Q714: Mar | R714: 3 | S714: Q1 | T714: Sunday | U714: =TRIM(CLEAN(tbl_Operations[[#This Row],[Location]])) -> Noida | V714: =TRIM(CLEAN(tbl_Operations[[#This Row],[Channel]])) -> Email | W714: =TRIM(CLEAN(E714)) -> Access Request | X714: =PROPER(TRIM(CLEAN(C714))) -> Sales | Y714: =IF(J714<=K714,"Within SLA","SLA Breach") -> Within SLA | Z714: =IF(AND(F714="Critical",Y713="SLA Breach"),"Critical Risk","Normal") -> Normal | AA714: {=_xlfn.IFS( J714<=K714*0.5,"Excellent", J714<=K714,"Good", J714<=K714*1.5,"At Risk", TRUE,"Critical" )} -> Good | AB714: =IF(M714>0,"Reworked","No Rework") -> Reworked
A715: OPS-103613 | B715: 45673 | C715: IT | D715: Pune | E715: Employee Query | F715: Low | G715: Email | H715: Vendor Management | I715: Escalated | J715: 29.8 | K715: 48 | L715: No | M715: 3 | N715: 3.7 | O715: 400 | P715: 11920 | Q715: Jan | R715: 1 | S715: Q1 | T715: Thursday | U715: =TRIM(CLEAN(tbl_Operations[[#This Row],[Location]])) -> Pune | V715: =TRIM(CLEAN(tbl_Operations[[#This Row],[Channel]])) -> Email | W715: =TRIM(CLEAN(E715)) -> Employee Query | X715: =PROPER(TRIM(CLEAN(C715))) -> It | Y715: =IF(J715<=K715,"Within SLA","SLA Breach") -> Within SLA | Z715: =IF(AND(F715="Critical",Y714="SLA Breach"),"Critical Risk","Normal") -> Normal | AA715: {=_xlfn.IFS( J715<=K715*0.5,"Excellent", J715<=K715,"Good", J715<=K715*1.5,"At Risk", TRUE,"Critical" )} -> Good | AB715: =IF(M715>0,"Reworked","No Rework") -> Reworked
A716: OPS-100803 | B716: 45904 | C716: IT | D716: Hyderabad | E716: Vendor Query | F716: Low | G716: Email | H716: MIS | I716: Closed | J716: 0.6 | K716: 48 | L716: No | M716: 0 | N716: 4.9 | O716: 280 | P716: 168 | Q716: Sep | R716: 9 | S716: Q3 | T716: Thursday | U716: =TRIM(CLEAN(tbl_Operations[[#This Row],[Location]])) -> Hyderabad | V716: =TRIM(CLEAN(tbl_Operations[[#This Row],[Channel]])) -> Email | W716: =TRIM(CLEAN(E716)) -> Vendor Query | X716: =PROPER(TRIM(CLEAN(C716))) -> It | Y716: =IF(J716<=K716,"Within SLA","SLA Breach") -> Within SLA | Z716: =IF(AND(F716="Critical",Y715="SLA Breach"),"Critical Risk","Normal") -> Normal | AA716: {=_xlfn.IFS( J716<=K716*0.5,"Excellent", J716<=K716,"Good", J716<=K716*1.5,"At Risk", TRUE,"Critical" )} -> Excellent | AB716: =IF(M716>0,"Reworked","No Rework") -> No Rework
A717: OPS-101417 | B717: 45948 | C717: HR | D717: Gurugram | E717: Report Request | F717: Low | G717: Teams | H717: HR Ops | I717: Closed | J717: 19.6 | K717: 48 | L717: No | M717: 1 | N717: 4.3 | O717: 350 | P717: 6860 | Q717: Oct | R717: 10 | S717: Q4 | T717: Saturday | U717: =TRIM(CLEAN(tbl_Operations[[#This Row],[Location]])) -> Gurugram | V717: =TRIM(CLEAN(tbl_Operations[[#This Row],[Channel]])) -> Teams | W717: =TRIM(CLEAN(E717)) -> Report Request | X717: =PROPER(TRIM(CLEAN(C717))) -> Hr | Y717: =IF(J717<=K717,"Within SLA","SLA Breach") -> Within SLA | Z717: =IF(AND(F717="Critical",Y716="SLA Breach"),"Critical Risk","Normal") -> Normal | AA717: {=_xlfn.IFS( J717<=K717*0.5,"Excellent", J717<=K717,"Good", J717<=K717*1.5,"At Risk", TRUE,"Critical" )} -> Excellent | AB717: =IF(M717>0,"Reworked","No Rework") -> Reworked
A718: OPS-104689 | B718: 45839 | C718: Operations | D718: Chennai | E718: Data Correction | F718: Medium | G718: Teams | H718: MIS | I718: Closed | J718: 24.2 | K718: 24 | L718: Yes | M718: 1 | N718: 4.3 | O718: 320 | P718: 7744 | Q718: Jul | R718: 7 | S718: Q3 | T718: Tuesday | U718: =TRIM(CLEAN(tbl_Operations[[#This Row],[Location]])) -> Chennai | V718: =TRIM(CLEAN(tbl_Operations[[#This Row],[Channel]])) -> Teams | W718: =TRIM(CLEAN(E718)) -> Data Correction | X718: =PROPER(TRIM(CLEAN(C718))) -> Operations | Y718: =IF(J718<=K718,"Within SLA","SLA Breach") -> SLA Breach | Z718: =IF(AND(F718="Critical",Y717="SLA Breach"),"Critical Risk","Normal") -> Normal | AA718: {=_xlfn.IFS( J718<=K718*0.5,"Excellent", J718<=K718,"Good", J718<=K718*1.5,"At Risk", TRUE,"Critical" )} -> At Risk | AB718: =IF(M718>0,"Reworked","No Rework") -> Reworked
A719: OPS-101381 | B719: 45821 | C719: Sales | D719: Hyderabad | E719: Vendor Query | F719: Low | G719: Email | H719: Vendor Management | I719: Escalated | J719: 1.2 | K719: 48 | L719: No | M719: 3 | N719: 3.6 | O719: 320 | P719: 384 | Q719: Jun | R719: 6 | S719: Q2 | T719: Friday | U719: =TRIM(CLEAN(tbl_Operations[[#This Row],[Location]])) -> Hyderabad | V719: =TRIM(CLEAN(tbl_Operations[[#This Row],[Channel]])) -> Email | W719: =TRIM(CLEAN(E719)) -> Vendor Query | X719: =PROPER(TRIM(CLEAN(C719))) -> Sales | Y719: =IF(J719<=K719,"Within SLA","SLA Breach") -> Within SLA | Z719: =IF(AND(F719="Critical",Y718="SLA Breach"),"Critical Risk","Normal") -> Normal | AA719: {=_xlfn.IFS( J719<=K719*0.5,"Excellent", J719<=K719,"Good", J719<=K719*1.5,"At Risk", TRUE,"Critical" )} -> Excellent | AB719: =IF(M719>0,"Reworked","No Rework") -> Reworked
A720: OPS-100415 | B720: 45765 | C720: Procurement | D720: Mumbai | E720: System Issue | F720: High | G720: Email | H720: Vendor Management | I720: Closed | J720: 15.2 | K720: 12 | L720: Yes | M720: 0 | N720: 4.7 | O720: 350 | P720: 5320 | Q720: Apr | R720: 4 | S720: Q2 | T720: Friday | U720: =TRIM(CLEAN(tbl_Operations[[#This Row],[Location]])) -> Mumbai | V720: =TRIM(CLEAN(tbl_Operations[[#This Row],[Channel]])) -> Email | W720: =TRIM(CLEAN(E720)) -> System Issue | X720: =PROPER(TRIM(CLEAN(C720))) -> Procurement | Y720: =IF(J720<=K720,"Within SLA","SLA Breach") -> SLA Breach | Z720: =IF(AND(F720="Critical",Y719="SLA Breach"),"Critical Risk","Normal") -> Normal | AA720: {=_xlfn.IFS( J720<=K720*0.5,"Excellent", J720<=K720,"Good", J720<=K720*1.5,"At Risk", TRUE,"Critical" )} -> At Risk | AB720: =IF(M720>0,"Reworked","No Rework") -> No Rework
A721: OPS-101103 | B721: 45841 | C721: IT | D721: Bengaluru | E721: Invoice Query | F721: Low | G721: Portal | H721: Finance Ops | I721: Pending | J721: 15.8 | K721: 48 | L721: No | M721: 1 | N721: 4.8 | O721: 450 | P721: 7110 | Q721: Jul | R721: 7 | S721: Q3 | T721: Thursday | U721: =TRIM(CLEAN(tbl_Operations[[#This Row],[Location]])) -> Bengaluru | V721: =TRIM(CLEAN(tbl_Operations[[#This Row],[Channel]])) -> Portal | W721: =TRIM(CLEAN(E721)) -> Invoice Query | X721: =PROPER(TRIM(CLEAN(C721))) -> It | Y721: =IF(J721<=K721,"Within SLA","SLA Breach") -> Within SLA | Z721: =IF(AND(F721="Critical",Y720="SLA Breach"),"Critical Risk","Normal") -> Normal | AA721: {=_xlfn.IFS( J721<=K721*0.5,"Excellent", J721<=K721,"Good", J721<=K721*1.5,"At Risk", TRUE,"Critical" )} -> Excellent | AB721: =IF(M721>0,"Reworked","No Rework") -> Reworked
A722: OPS-102551 | B722: 45674 | C722: Procurement | D722: Mumbai | E722: Invoice Query | F722: Low | G722: Portal | H722: Vendor Management | I722: Closed | J722: 21.6 | K722: 48 | L722: No | M722: 2 | N722: 3.9 | O722: 320 | P722: 6912 | Q722: Jan | R722: 1 | S722: Q1 | T722: Friday | U722: =TRIM(CLEAN(tbl_Operations[[#This Row],[Location]])) -> Mumbai | V722: =TRIM(CLEAN(tbl_Operations[[#This Row],[Channel]])) -> Portal | W722: =TRIM(CLEAN(E722)) -> Invoice Query | X722: =PROPER(TRIM(CLEAN(C722))) -> Procurement | Y722: =IF(J722<=K722,"Within SLA","SLA Breach") -> Within SLA | Z722: =IF(AND(F722="Critical",Y721="SLA Breach"),"Critical Risk","Normal") -> Normal | AA722: {=_xlfn.IFS( J722<=K722*0.5,"Excellent", J722<=K722,"Good", J722<=K722*1.5,"At Risk", TRUE,"Critical" )} -> Excellent | AB722: =IF(M722>0,"Reworked","No Rework") -> Reworked
A723: OPS-104594 | B723: 45852 | C723: Sales | D723: Mumbai | E723: Invoice Query | F723: Medium | G723: Email | H723: Vendor Management | I723: Closed | J723: 6.2 | K723: 24 | L723: No | M723: 1 | N723: 4.6 | O723: 400 | P723: 2480 | Q723: Jul | R723: 7 | S723: Q3 | T723: Monday | U723: =TRIM(CLEAN(tbl_Operations[[#This Row],[Location]])) -> Mumbai | V723: =TRIM(CLEAN(tbl_Operations[[#This Row],[Channel]])) -> Email | W723: =TRIM(CLEAN(E723)) -> Invoice Query | X723: =PROPER(TRIM(CLEAN(C723))) -> Sales | Y723: =IF(J723<=K723,"Within SLA","SLA Breach") -> Within SLA | Z723: =IF(AND(F723="Critical",Y722="SLA Breach"),"Critical Risk","Normal") -> Normal | AA723: {=_xlfn.IFS( J723<=K723*0.5,"Excellent", J723<=K723,"Good", J723<=K723*1.5,"At Risk", TRUE,"Critical" )} -> Excellent | AB723: =IF(M723>0,"Reworked","No Rework") -> Reworked
A724: OPS-101373 | B724: 45838 | C724: Finance | D724: Chennai | E724: Access Request | F724: Low | G724: Email | H724: MIS | I724: Closed | J724: 5.1 | K724: 48 | L724: No | M724: 0 | N724: 4.6 | O724: 320 | P724: 1632 | Q724: Jun | R724: 6 | S724: Q2 | T724: Monday | U724: =TRIM(CLEAN(tbl_Operations[[#This Row],[Location]])) -> Chennai | V724: =TRIM(CLEAN(tbl_Operations[[#This Row],[Channel]])) -> Email | W724: =TRIM(CLEAN(E724)) -> Access Request | X724: =PROPER(TRIM(CLEAN(C724))) -> Finance | Y724: =IF(J724<=K724,"Within SLA","SLA Breach") -> Within SLA | Z724: =IF(AND(F724="Critical",Y723="SLA Breach"),"Critical Risk","Normal") -> Normal | AA724: {=_xlfn.IFS( J724<=K724*0.5,"Excellent", J724<=K724,"Good", J724<=K724*1.5,"At Risk", TRUE,"Critical" )} -> Excellent | AB724: =IF(M724>0,"Reworked","No Rework") -> No Rework
A725: OPS-101605 | B725: 45985 | C725: Sales | D725: Bengaluru | E725: Employee Query | F725: Low | G725: Portal | H725: HR Ops | I725: Closed | J725: 11.3 | K725: 48 | L725: No | M725: 0 | N725: 4.2 | O725: 450 | P725: 5085 | Q725: Nov | R725: 11 | S725: Q4 | T725: Monday | U725: =TRIM(CLEAN(tbl_Operations[[#This Row],[Location]])) -> Bengaluru | V725: =TRIM(CLEAN(tbl_Operations[[#This Row],[Channel]])) -> Portal | W725: =TRIM(CLEAN(E725)) -> Employee Query | X725: =PROPER(TRIM(CLEAN(C725))) -> Sales | Y725: =IF(J725<=K725,"Within SLA","SLA Breach") -> Within SLA | Z725: =IF(AND(F725="Critical",Y724="SLA Breach"),"Critical Risk","Normal") -> Normal | AA725: {=_xlfn.IFS( J725<=K725*0.5,"Excellent", J725<=K725,"Good", J725<=K725*1.5,"At Risk", TRUE,"Critical" )} -> Excellent | AB725: =IF(M725>0,"Reworked","No Rework") -> No Rework
... A953: OPS-102249 | B953: 45920 | C953: Operations | D953: Mumbai | E953: Compliance Request | F953: Low | G953: Phone | H953: IT Support | I953: Escalated | J953: 11.2 | K953: 48 | L953: No | M953: 3 | N953: 4.1 | O953: 450 | P953: 5040 | Q953: Sep | R953: 9 | S953: Q3 | T953: Saturday | U953: =TRIM(CLEAN(tbl_Operations[[#This Row],[Location]])) -> Mumbai | V953: =TRIM(CLEAN(tbl_Operations[[#This Row],[Channel]])) -> Phone | W953: =TRIM(CLEAN(E953)) -> Compliance Request | X953: =PROPER(TRIM(CLEAN(C953))) -> Operations | Y953: =IF(J953<=K953,"Within SLA","SLA Breach") -> Within SLA | Z953: =IF(AND(F953="Critical",Y952="SLA Breach"),"Critical Risk","Normal") -> Normal | AA953: {=_xlfn.IFS( J953<=K953*0.5,"Excellent", J953<=K953,"Good", J953<=K953*1.5,"At Risk", TRUE,"Critical" )} -> Excellent | AB953: =IF(M953>0,"Reworked","No Rework") -> Reworked
A954: OPS-104259 | B954: 45836 | C954: Customer Support | D954: Hyderabad | E954: Invoice Query | F954: Medium | G954: Email | H954: Vendor Management | I954: Closed | J954: 33 | K954: 24 | L954: Yes | M954: 1 | N954: Unknown | O954: 400 | P954: 13200 | Q954: Jun | R954: 6 | S954: Q2 | T954: Saturday | U954: =TRIM(CLEAN(tbl_Operations[[#This Row],[Location]])) -> Hyderabad | V954: =TRIM(CLEAN(tbl_Operations[[#This Row],[Channel]])) -> Email | W954: =TRIM(CLEAN(E954)) -> Invoice Query | X954: =PROPER(TRIM(CLEAN(C954))) -> Customer Support | Y954: =IF(J954<=K954,"Within SLA","SLA Breach") -> SLA Breach | Z954: =IF(AND(F954="Critical",Y953="SLA Breach"),"Critical Risk","Normal") -> Normal | AA954: {=_xlfn.IFS( J954<=K954*0.5,"Excellent", J954<=K954,"Good", J954<=K954*1.5,"At Risk", TRUE,"Critical" )} -> At Risk | AB954: =IF(M954>0,"Reworked","No Rework") -> Reworked
A955: OPS-101420 | B955: 45765 | C955: HR | D955: Noida | E955: Invoice Query | F955: Medium | G955: Portal | H955: HR Ops | I955: Closed | J955: 8.8 | K955: 24 | L955: No | M955: 0 | N955: 5 | O955: 350 | P955: 3080 | Q955: Apr | R955: 4 | S955: Q2 | T955: Friday | U955: =TRIM(CLEAN(tbl_Operations[[#This Row],[Location]])) -> Noida | V955: =TRIM(CLEAN(tbl_Operations[[#This Row],[Channel]])) -> Portal | W955: =TRIM(CLEAN(E955)) -> Invoice Query | X955: =PROPER(TRIM(CLEAN(C955))) -> Hr | Y955: =IF(J955<=K955,"Within SLA","SLA Breach") -> Within SLA | Z955: =IF(AND(F955="Critical",Y954="SLA Breach"),"Critical Risk","Normal") -> Normal | AA955: {=_xlfn.IFS( J955<=K955*0.5,"Excellent", J955<=K955,"Good", J955<=K955*1.5,"At Risk", TRUE,"Critical" )} -> Excellent | AB955: =IF(M955>0,"Reworked","No Rework") -> No Rework
A956: OPS-101303 | B956: 45710 | C956: HR | D956: Bengaluru | E956: Employee Query | F956: High | G956: Email | H956: HR Ops | I956: Closed | J956: 3.8 | K956: 12 | L956: No | M956: 0 | N956: 4.7 | O956: 350 | P956: 1330 | Q956: Feb | R956: 2 | S956: Q1 | T956: Saturday | U956: =TRIM(CLEAN(tbl_Operations[[#This Row],[Location]])) -> Bengaluru | V956: =TRIM(CLEAN(tbl_Operations[[#This Row],[Channel]])) -> Email | W956: =TRIM(CLEAN(E956)) -> Employee Query | X956: =PROPER(TRIM(CLEAN(C956))) -> Hr | Y956: =IF(J956<=K956,"Within SLA","SLA Breach") -> Within SLA | Z956: =IF(AND(F956="Critical",Y955="SLA Breach"),"Critical Risk","Normal") -> Normal | AA956: {=_xlfn.IFS( J956<=K956*0.5,"Excellent", J956<=K956,"Good", J956<=K956*1.5,"At Risk", TRUE,"Critical" )} -> Excellent | AB956: =IF(M956>0,"Reworked","No Rework") -> No Rework
A957: OPS-102696 | B957: 45669 | C957: Procurement | D957: Chennai | E957: Data Correction | F957: High | G957: Email | H957: HR Ops | I957: Closed | J957: 1.8 | K957: 12 | L957: No | M957: 1 | N957: 4.8 | O957: 280 | P957: 504 | Q957: Jan | R957: 1 | S957: Q1 | T957: Sunday | U957: =TRIM(CLEAN(tbl_Operations[[#This Row],[Location]])) -> Chennai | V957: =TRIM(CLEAN(tbl_Operations[[#This Row],[Channel]])) -> Email | W957: =TRIM(CLEAN(E957)) -> Data Correction | X957: =PROPER(TRIM(CLEAN(C957))) -> Procurement | Y957: =IF(J957<=K957,"Within SLA","SLA Breach") -> Within SLA | Z957: =IF(AND(F957="Critical",Y956="SLA Breach"),"Critical Risk","Normal") -> Normal | AA957: {=_xlfn.IFS( J957<=K957*0.5,"Excellent", J957<=K957,"Good", J957<=K957*1.5,"At Risk", TRUE,"Critical" )} -> Excellent | AB957: =IF(M957>0,"Reworked","No Rework") -> Reworked
A958: OPS-100029 | B958: 46002 | C958: IT | D958: Bengaluru | E958: Compliance Request | F958: Low | G958: Email | H958: IT Support | I958: Closed | J958: 22.3 | K958: 48 | L958: No | M958: 0 | N958: 4.3 | O958: 350 | P958: 7805 | Q958: Dec | R958: 12 | S958: Q4 | T958: Thursday | U958: =TRIM(CLEAN(tbl_Operations[[#This Row],[Location]])) -> Bengaluru | V958: =TRIM(CLEAN(tbl_Operations[[#This Row],[Channel]])) -> Email | W958: =TRIM(CLEAN(E958)) -> Compliance Request | X958: =PROPER(TRIM(CLEAN(C958))) -> It | Y958: =IF(J958<=K958,"Within SLA","SLA Breach") -> Within SLA | Z958: =IF(AND(F958="Critical",Y957="SLA Breach"),"Critical Risk","Normal") -> Normal | AA958: {=_xlfn.IFS( J958<=K958*0.5,"Excellent", J958<=K958,"Good", J958<=K958*1.5,"At Risk", TRUE,"Critical" )} -> Excellent | AB958: =IF(M958>0,"Reworked","No Rework") -> No Rework
A959: OPS-104608 | B959: 45785 | C959: Sales | D959: Bengaluru | E959: System Issue | F959: Medium | G959: Email | H959: MIS | I959: Closed | J959: 10.7 | K959: 24 | L959: No | M959: 0 | N959: 4.8 | O959: 400 | P959: 4280 | Q959: May | R959: 5 | S959: Q2 | T959: Thursday | U959: =TRIM(CLEAN(tbl_Operations[[#This Row],[Location]])) -> Bengaluru | V959: =TRIM(CLEAN(tbl_Operations[[#This Row],[Channel]])) -> Email | W959: =TRIM(CLEAN(E959)) -> System Issue | X959: =PROPER(TRIM(CLEAN(C959))) -> Sales | Y959: =IF(J959<=K959,"Within SLA","SLA Breach") -> Within SLA | Z959: =IF(AND(F959="Critical",Y958="SLA Breach"),"Critical Risk","Normal") -> Normal | AA959: {=_xlfn.IFS( J959<=K959*0.5,"Excellent", J959<=K959,"Good", J959<=K959*1.5,"At Risk", TRUE,"Critical" )} -> Excellent | AB959: =IF(M959>0,"Reworked","No Rework") -> No Rework
A960: OPS-101057 | B960: 45761 | C960: Sales | D960: Chennai | E960: Employee Query | F960: Medium | G960: Email | H960: Vendor Management | I960: Escalated | J960: 25.8 | K960: 24 | L960: Yes | M960: 2 | N960: 4.2 | O960: 320 | P960: 8256 | Q960: Apr | R960: 4 | S960: Q2 | T960: Monday | U960: =TRIM(CLEAN(tbl_Operations[[#This Row],[Location]])) -> Chennai | V960: =TRIM(CLEAN(tbl_Operations[[#This Row],[Channel]])) -> Email | W960: =TRIM(CLEAN(E960)) -> Employee Query | X960: =PROPER(TRIM(CLEAN(C960))) -> Sales | Y960: =IF(J960<=K960,"Within SLA","SLA Breach") -> SLA Breach | Z960: =IF(AND(F960="Critical",Y959="SLA Breach"),"Critical Risk","Normal") -> Normal | AA960: {=_xlfn.IFS( J960<=K960*0.5,"Excellent", J960<=K960,"Good", J960<=K960*1.5,"At Risk", TRUE,"Critical" )} -> At Risk | AB960: =IF(M960>0,"Reworked","No Rework") -> Reworked
A961: OPS-102308 | B961: 45957 | C961: HR | D961: Gurugram | E961: Compliance Request | F961: Low | G961: Email | H961: MIS | I961: Pending | J961: 25.8 | K961: 48 | L961: No | M961: 1 | N961: 4.4 | O961: 400 | P961: 10320 | Q961: Oct | R961: 10 | S961: Q4 | T961: Monday | U961: =TRIM(CLEAN(tbl_Operations[[#This Row],[Location]])) -> Gurugram | V961: =TRIM(CLEAN(tbl_Operations[[#This Row],[Channel]])) -> Email | W961: =TRIM(CLEAN(E961)) -> Compliance Request | X961: =PROPER(TRIM(CLEAN(C961))) -> Hr | Y961: =IF(J961<=K961,"Within SLA","SLA Breach") -> Within SLA | Z961: =IF(AND(F961="Critical",Y960="SLA Breach"),"Critical Risk","Normal") -> Normal | AA961: {=_xlfn.IFS( J961<=K961*0.5,"Excellent", J961<=K961,"Good", J961<=K961*1.5,"At Risk", TRUE,"Critical" )} -> Good | AB961: =IF(M961>0,"Reworked","No Rework") -> Reworked
A962: OPS-100922 | B962: 45890 | C962: HR | D962: Gurugram | E962: Unknown | F962: Low | G962: Portal | H962: IT Support | I962: Closed | J962: 6.3 | K962: 48 | L962: No | M962: 0 | N962: 4.7 | O962: 400 | P962: 2520 | Q962: Aug | R962: 8 | S962: Q3 | T962: Thursday | U962: =TRIM(CLEAN(tbl_Operations[[#This Row],[Location]])) -> Gurugram | V962: =TRIM(CLEAN(tbl_Operations[[#This Row],[Channel]])) -> Portal | W962: =TRIM(CLEAN(E962)) -> Unknown | X962: =PROPER(TRIM(CLEAN(C962))) -> Hr | Y962: =IF(J962<=K962,"Within SLA","SLA Breach") -> Within SLA | Z962: =IF(AND(F962="Critical",Y961="SLA Breach"),"Critical Risk","Normal") -> Normal | AA962: {=_xlfn.IFS( J962<=K962*0.5,"Excellent", J962<=K962,"Good", J962<=K962*1.5,"At Risk", TRUE,"Critical" )} -> Excellent | AB962: =IF(M962>0,"Reworked","No Rework") -> No Rework
A963: OPS-104255 | B963: 45863 | C963: HR | D963: Chennai | E963: Report Request | F963: Medium | G963: Teams | H963: Vendor Management | I963: Pending | J963: 7.4 | K963: 24 | L963: No | M963: 0 | N963: 4.2 | O963: 400 | P963: 2960 | Q963: Jul | R963: 7 | S963: Q3 | T963: Friday | U963: =TRIM(CLEAN(tbl_Operations[[#This Row],[Location]])) -> Chennai | V963: =TRIM(CLEAN(tbl_Operations[[#This Row],[Channel]])) -> Teams | W963: =TRIM(CLEAN(E963)) -> Report Request | X963: =PROPER(TRIM(CLEAN(C963))) -> Hr | Y963: =IF(J963<=K963,"Within SLA","SLA Breach") -> Within SLA | Z963: =IF(AND(F963="Critical",Y962="SLA Breach"),"Critical Risk","Normal") -> Normal | AA963: {=_xlfn.IFS( J963<=K963*0.5,"Excellent", J963<=K963,"Good", J963<=K963*1.5,"At Risk", TRUE,"Critical" )} -> Excellent | AB963: =IF(M963>0,"Reworked","No Rework") -> No Rework
A964: OPS-101871 | B964: 45669 | C964: Operations | D964: Bengaluru | E964: Report Request | F964: Medium | G964: Email | H964: Finance Ops | I964: Closed | J964: 14.2 | K964: 24 | L964: No | M964: 0 | N964: 4.8 | O964: 450 | P964: 6390 | Q964: Jan | R964: 1 | S964: Q1 | T964: Sunday | U964: =TRIM(CLEAN(tbl_Operations[[#This Row],[Location]])) -> Bengaluru | V964: =TRIM(CLEAN(tbl_Operations[[#This Row],[Channel]])) -> Email | W964: =TRIM(CLEAN(E964)) -> Report Request | X964: =PROPER(TRIM(CLEAN(C964))) -> Operations | Y964: =IF(J964<=K964,"Within SLA","SLA Breach") -> Within SLA | Z964: =IF(AND(F964="Critical",Y963="SLA Breach"),"Critical Risk","Normal") -> Normal | AA964: {=_xlfn.IFS( J964<=K964*0.5,"Excellent", J964<=K964,"Good", J964<=K964*1.5,"At Risk", TRUE,"Critical" )} -> Good | AB964: =IF(M964>0,"Reworked","No Rework") -> No Rework
A965: OPS-103074 | B965: 46000 | C965: IT | D965: Hyderabad | E965: Compliance Request | F965: Medium | G965: Email | H965: MIS | I965: Closed | J965: 13.1 | K965: 24 | L965: No | M965: 0 | N965: 4.7 | O965: 400 | P965: 5240 | Q965: Dec | R965: 12 | S965: Q4 | T965: Tuesday | U965: =TRIM(CLEAN(tbl_Operations[[#This Row],[Location]])) -> Hyderabad | V965: =TRIM(CLEAN(tbl_Operations[[#This Row],[Channel]])) -> Email | W965: =TRIM(CLEAN(E965)) -> Compliance Request | X965: =PROPER(TRIM(CLEAN(C965))) -> It | Y965: =IF(J965<=K965,"Within SLA","SLA Breach") -> Within SLA | Z965: =IF(AND(F965="Critical",Y964="SLA Breach"),"Critical Risk","Normal") -> Normal | AA965: {=_xlfn.IFS( J965<=K965*0.5,"Excellent", J965<=K965,"Good", J965<=K965*1.5,"At Risk", TRUE,"Critical" )} -> Good | AB965: =IF(M965>0,"Reworked","No Rework") -> No Rework
A966: OPS-104352 | B966: 45890 | C966: Procurement | D966: Noida | E966: Vendor Query | F966: Medium | G966: Teams | H966: Finance Ops | I966: Closed | J966: 28.1 | K966: 24 | L966: Yes | M966: 0 | N966: 3.3 | O966: 400 | P966: 11240 | Q966: Aug | R966: 8 | S966: Q3 | T966: Thursday | U966: =TRIM(CLEAN(tbl_Operations[[#This Row],[Location]])) -> Noida | V966: =TRIM(CLEAN(tbl_Operations[[#This Row],[Channel]])) -> Teams | W966: =TRIM(CLEAN(E966)) -> Vendor Query | X966: =PROPER(TRIM(CLEAN(C966))) -> Procurement | Y966: =IF(J966<=K966,"Within SLA","SLA Breach") -> SLA Breach | Z966: =IF(AND(F966="Critical",Y965="SLA Breach"),"Critical Risk","Normal") -> Normal | AA966: {=_xlfn.IFS( J966<=K966*0.5,"Excellent", J966<=K966,"Good", J966<=K966*1.5,"At Risk", TRUE,"Critical" )} -> At Risk | AB966: =IF(M966>0,"Reworked","No Rework") -> No Rework
...

Sheet MIS_KPI
A1: MIS KPI | B1: Value
A2: Total Tickets | B2: =COUNTA(tbl_Operations[Ticket_ID]) -> 5000
A3: Closed Tickets | B3: =COUNTIF(tbl_Operations[Status], "Closed") -> 3969
A4: Pending Tickets | B4: =COUNTIF(tbl_Operations[Status], "Pending") -> 429
A5: Escalated Tickets | B5: =COUNTIF(tbl_Operations[Status],"Escalated") -> 602
A6: Closure Rate % | B6: =B3/B2 -> 0.7938
A7: SLA Achievement % | B7: =COUNTIF(tbl_Operations[SLA_Status],"Within SLA")/B2 -> 0.854
A8: Avg Resolution Hours | B8: =AVERAGE(tbl_Operations[Resolution_Hours]) -> 12.79436
A9: Avg CSAT | B9: =AVERAGE(tbl_Operations[Customer_Satisfaction]) -> 4.4504024
A10: Total Operational Cost | B10: =SUM(tbl_Operations[Estimated_Cost]) -> 23042401
A11: Total Rework | B11: =SUM(tbl_Operations[Rework_Count]) -> 3152
A12: Rework Rate % | B12: =B11/B2 -> 0.6304
A13: Reworked Tickets | B13: =COUNTIF(tbl_Operations[Rework_Status],"Reworked") -> 2171
A14: Rework Ticket Rate % | B14: =B13/B2 -> 0.4342
A15: Total Rework Events | B15: =SUM(tbl_Operations[Rework_Count]) -> 3152

Sheet Team_Analysis
A1: Assigned Team | B1: Tickets | C1: Closed | D1: SLA Breaches | E1: SLA % | F1: Avg Resolution Hrs | G1: Rank
A2: MIS | B2: =COUNTIF(tbl_Operations[Assigned_Team],A2) -> 958 | C2: =COUNTIFS(tbl_Operations[Assigned_Team],A2,tbl_Operations[Status],"Closed") -> 782 | D2: =COUNTIFS(tbl_Operations[Assigned_Team],A2,tbl_Operations[SLA_Status],"SLA Breach") -> 129 | E2: =(B2-D2)/B2 -> 0.86534447 | F2: =AVERAGEIF(tbl_Operations[Assigned_Team],A2,tbl_Operations[Resolution_Hours]) -> 12.988205 | G2: =RANK(E2,$E$2:$E$6,0) -> 1
A3: Finance Ops | B3: =COUNTIF(tbl_Operations[Assigned_Team],A3) -> 949 | C3: =COUNTIFS(tbl_Operations[Assigned_Team],A3,tbl_Operations[Status],"Closed") -> 769 | D3: =COUNTIFS(tbl_Operations[Assigned_Team],A3,tbl_Operations[SLA_Status],"SLA Breach") -> 146 | E3: =(B3-D3)/B3 -> 0.84615385 | F3: =AVERAGEIF(tbl_Operations[Assigned_Team],A3,tbl_Operations[Resolution_Hours]) -> 12.447734 | G3: =RANK(E3,$E$2:$E$6,0) -> 4
A4: HR Ops | B4: =COUNTIF(tbl_Operations[Assigned_Team],A4) -> 1021 | C4: =COUNTIFS(tbl_Operations[Assigned_Team],A4,tbl_Operations[Status],"Closed") -> 803 | D4: =COUNTIFS(tbl_Operations[Assigned_Team],A4,tbl_Operations[SLA_Status],"SLA Breach") -> 144 | E4: =(B4-D4)/B4 -> 0.8589618 | F4: =AVERAGEIF(tbl_Operations[Assigned_Team],A4,tbl_Operations[Resolution_Hours]) -> 13.087953 | G4: =RANK(E4,$E$2:$E$6,0) -> 2
A5: IT Support | B5: =COUNTIF(tbl_Operations[Assigned_Team],A5) -> 961 | C5: =COUNTIFS(tbl_Operations[Assigned_Team],A5,tbl_Operations[Status],"Closed") -> 729 | D5: =COUNTIFS(tbl_Operations[Assigned_Team],A5,tbl_Operations[SLA_Status],"SLA Breach") -> 148 | E5: =(B5-D5)/B5 -> 0.84599376 | F5: =AVERAGEIF(tbl_Operations[Assigned_Team],A5,tbl_Operations[Resolution_Hours]) -> 13.013215 | G5: =RANK(E5,$E$2:$E$6,0) -> 5
A6: Vendor Management | B6: =COUNTIF(tbl_Operations[Assigned_Team],A6) -> 1066 | C6: =COUNTIFS(tbl_Operations[Assigned_Team],A6,tbl_Operations[Status],"Closed") -> 849 | D6: =COUNTIFS(tbl_Operations[Assigned_Team],A6,tbl_Operations[SLA_Status],"SLA Breach") -> 157 | E6: =(B6-D6)/B6 -> 0.85272045 | F6: =AVERAGEIF(tbl_Operations[Assigned_Team],A6,tbl_Operations[Resolution_Hours]) -> 12.533114 | G6: =RANK(E6,$E$2:$E$6,0) -> 3

Sheet BU_Analysis
A1: Business Unit | B1: Tickets | C1: Closed | D1: SLA Breaches | E1: Avg Resolution Hrs | F1: Total Cost
A2: Finance | B2: =COUNTIF(tbl_Operations[Business_Unit],A2) -> 683 | C2: =COUNTIFS(tbl_Operations[Business_Unit],A2,tbl_Operations[Status],"Closed") -> 539 | D2: =COUNTIFS(tbl_Operations[Business_Unit],A2,tbl_Operations[SLA_Status],"SLA Breach") -> 99 | E2: =AVERAGEIF(tbl_Operations[Business_Unit],A2,tbl_Operations[Resolution_Hours]) -> 12.862665 | F2: =SUMIF(tbl_Operations[Business_Unit],A2,tbl_Operations[Estimated_Cost]) -> 3161483
A3: HR | B3: =COUNTIF(tbl_Operations[Business_Unit],A3) -> 768 | C3: =COUNTIFS(tbl_Operations[Business_Unit],A3,tbl_Operations[Status],"Closed") -> 631 | D3: =COUNTIFS(tbl_Operations[Business_Unit],A3,tbl_Operations[SLA_Status],"SLA Breach") -> 97 | E3: =AVERAGEIF(tbl_Operations[Business_Unit],A3,tbl_Operations[Resolution_Hours]) -> 12.486719 | F3: =SUMIF(tbl_Operations[Business_Unit],A3,tbl_Operations[Estimated_Cost]) -> 3446642
A4: Sales | B4: =COUNTIF(tbl_Operations[Business_Unit],A4) -> 680 | C4: =COUNTIFS(tbl_Operations[Business_Unit],A4,tbl_Operations[Status],"Closed") -> 554 | D4: =COUNTIFS(tbl_Operations[Business_Unit],A4,tbl_Operations[SLA_Status],"SLA Breach") -> 96 | E4: =AVERAGEIF(tbl_Operations[Business_Unit],A4,tbl_Operations[Resolution_Hours]) -> 12.274559 | F4: =SUMIF(tbl_Operations[Business_Unit],A4,tbl_Operations[Estimated_Cost]) -> 2997714
A5: Operations | B5: =COUNTIF(tbl_Operations[Business_Unit],A5) -> 702 | C5: =COUNTIFS(tbl_Operations[Business_Unit],A5,tbl_Operations[Status],"Closed") -> 530 | D5: =COUNTIFS(tbl_Operations[Business_Unit],A5,tbl_Operations[SLA_Status],"SLA Breach") -> 104 | E5: =AVERAGEIF(tbl_Operations[Business_Unit],A5,tbl_Operations[Resolution_Hours]) -> 12.927066 | F5: =SUMIF(tbl_Operations[Business_Unit],A5,tbl_Operations[Estimated_Cost]) -> 3299592
A6: IT | B6: =COUNTIF(tbl_Operations[Business_Unit],A6) -> 715 | C6: =COUNTIFS(tbl_Operations[Business_Unit],A6,tbl_Operations[Status],"Closed") -> 576 | D6: =COUNTIFS(tbl_Operations[Business_Unit],A6,tbl_Operations[SLA_Status],"SLA Breach") -> 108 | E6: =AVERAGEIF(tbl_Operations[Business_Unit],A6,tbl_Operations[Resolution_Hours]) -> 12.914825 | F6: =SUMIF(tbl_Operations[Business_Unit],A6,tbl_Operations[Estimated_Cost]) -> 3301070
A7: Procurement | B7: =COUNTIF(tbl_Operations[Business_Unit],A7) -> 701 | C7: =COUNTIFS(tbl_Operations[Business_Unit],A7,tbl_Operations[Status],"Closed") -> 548 | D7: =COUNTIFS(tbl_Operations[Business_Unit],A7,tbl_Operations[SLA_Status],"SLA Breach") -> 109 | E7: =AVERAGEIF(tbl_Operations[Business_Unit],A7,tbl_Operations[Resolution_Hours]) -> 13.109986 | F7: =SUMIF(tbl_Operations[Business_Unit],A7,tbl_Operations[Estimated_Cost]) -> 3326307
A8: Customer Support | B8: =COUNTIF(tbl_Operations[Business_Unit],A8) -> 751 | C8: =COUNTIFS(tbl_Operations[Business_Unit],A8,tbl_Operations[Status],"Closed") -> 591 | D8: =COUNTIFS(tbl_Operations[Business_Unit],A8,tbl_Operations[SLA_Status],"SLA Breach") -> 117 | E8: =AVERAGEIF(tbl_Operations[Business_Unit],A8,tbl_Operations[Resolution_Hours]) -> 12.984154 | F8: =SUMIF(tbl_Operations[Business_Unit],A8,tbl_Operations[Estimated_Cost]) -> 3509593

Sheet Monthly_Analysis
A1: Month | B1: Tickets | C1: Closed | D1: SLA Breaches | E1: SLA % | F1: Avg Resolution Hrs | G1: Ticket MoM % | H1: SLA MoM Change
A2: Jan | B2: =COUNTIF(tbl_Operations[Month],A2) -> 420 | C2: =COUNTIFS(tbl_Operations[Month],A2,tbl_Operations[Status],"Closed") -> 346 | D2: =COUNTIFS(tbl_Operations[Month],A2,tbl_Operations[SLA_Status],"SLA Breach") -> 75 | E2: =(B2-D2)/B2 -> 0.82142857 | F2: =AVERAGEIF(tbl_Operations[Month],A2,tbl_Operations[Resolution_Hours]) -> 13.212381
A3: Feb | B3: =COUNTIF(tbl_Operations[Month],A3) -> 392 | C3: =COUNTIFS(tbl_Operations[Month],A3,tbl_Operations[Status],"Closed") -> 312 | D3: =COUNTIFS(tbl_Operations[Month],A3,tbl_Operations[SLA_Status],"SLA Breach") -> 54 | E3: =(B3-D3)/B3 -> 0.8622449 | F3: =AVERAGEIF(tbl_Operations[Month],A3,tbl_Operations[Resolution_Hours]) -> 12.666071 | G3: =(B3/B2)-1 -> -0.066666667 | H3: =E3-E2 -> 0.040816327
A4: Mar | B4: =COUNTIF(tbl_Operations[Month],A4) -> 404 | C4: =COUNTIFS(tbl_Operations[Month],A4,tbl_Operations[Status],"Closed") -> 320 | D4: =COUNTIFS(tbl_Operations[Month],A4,tbl_Operations[SLA_Status],"SLA Breach") -> 66 | E4: =(B4-D4)/B4 -> 0.83663366 | F4: =AVERAGEIF(tbl_Operations[Month],A4,tbl_Operations[Resolution_Hours]) -> 12.726238 | G4: =(B4/B3)-1 -> 0.030612245 | H4: =E4-E3 -> -0.025611235
A5: Apr | B5: =COUNTIF(tbl_Operations[Month],A5) -> 433 | C5: =COUNTIFS(tbl_Operations[Month],A5,tbl_Operations[Status],"Closed") -> 339 | D5: =COUNTIFS(tbl_Operations[Month],A5,tbl_Operations[SLA_Status],"SLA Breach") -> 60 | E5: =(B5-D5)/B5 -> 0.86143187 | F5: =AVERAGEIF(tbl_Operations[Month],A5,tbl_Operations[Resolution_Hours]) -> 12.642725 | G5: =(B5/B4)-1 -> 0.071782178 | H5: =E5-E4 -> 0.024798207
A6: May | B6: =COUNTIF(tbl_Operations[Month],A6) -> 441 | C6: =COUNTIFS(tbl_Operations[Month],A6,tbl_Operations[Status],"Closed") -> 351 | D6: =COUNTIFS(tbl_Operations[Month],A6,tbl_Operations[SLA_Status],"SLA Breach") -> 75 | E6: =(B6-D6)/B6 -> 0.82993197 | F6: =AVERAGEIF(tbl_Operations[Month],A6,tbl_Operations[Resolution_Hours]) -> 12.989116 | G6: =(B6/B5)-1 -> 0.018475751 | H6: =E6-E5 -> -0.031499898
A7: Jun | B7: =COUNTIF(tbl_Operations[Month],A7) -> 440 | C7: =COUNTIFS(tbl_Operations[Month],A7,tbl_Operations[Status],"Closed") -> 342 | D7: =COUNTIFS(tbl_Operations[Month],A7,tbl_Operations[SLA_Status],"SLA Breach") -> 60 | E7: =(B7-D7)/B7 -> 0.86363636 | F7: =AVERAGEIF(tbl_Operations[Month],A7,tbl_Operations[Resolution_Hours]) -> 12.924545 | G7: =(B7/B6)-1 -> -0.0022675737 | H7: =E7-E6 -> 0.033704391
A8: Jul | B8: =COUNTIF(tbl_Operations[Month],A8) -> 375 | C8: =COUNTIFS(tbl_Operations[Month],A8,tbl_Operations[Status],"Closed") -> 299 | D8: =COUNTIFS(tbl_Operations[Month],A8,tbl_Operations[SLA_Status],"SLA Breach") -> 57 | E8: =(B8-D8)/B8 -> 0.848 | F8: =AVERAGEIF(tbl_Operations[Month],A8,tbl_Operations[Resolution_Hours]) -> 13.410133 | G8: =(B8/B7)-1 -> -0.14772727 | H8: =E8-E7 -> -0.015636364
A9: Aug | B9: =COUNTIF(tbl_Operations[Month],A9) -> 441 | C9: =COUNTIFS(tbl_Operations[Month],A9,tbl_Operations[Status],"Closed") -> 362 | D9: =COUNTIFS(tbl_Operations[Month],A9,tbl_Operations[SLA_Status],"SLA Breach") -> 54 | E9: =(B9-D9)/B9 -> 0.87755102 | F9: =AVERAGEIF(tbl_Operations[Month],A9,tbl_Operations[Resolution_Hours]) -> 12.636961 | G9: =(B9/B8)-1 -> 0.176 | H9: =E9-E8 -> 0.02955102
A10: Sep | B10: =COUNTIF(tbl_Operations[Month],A10) -> 395 | C10: =COUNTIFS(tbl_Operations[Month],A10,tbl_Operations[Status],"Closed") -> 312 | D10: =COUNTIFS(tbl_Operations[Month],A10,tbl_Operations[SLA_Status],"SLA Breach") -> 59 | E10: =(B10-D10)/B10 -> 0.85063291 | F10: =AVERAGEIF(tbl_Operations[Month],A10,tbl_Operations[Resolution_Hours]) -> 13.007342 | G10: =(B10/B9)-1 -> -0.10430839 | H10: =E10-E9 -> -0.026918109
A11: Oct | B11: =COUNTIF(tbl_Operations[Month],A11) -> 418 | C11: =COUNTIFS(tbl_Operations[Month],A11,tbl_Operations[Status],"Closed") -> 324 | D11: =COUNTIFS(tbl_Operations[Month],A11,tbl_Operations[SLA_Status],"SLA Breach") -> 58 | E11: =(B11-D11)/B11 -> 0.86124402 | F11: =AVERAGEIF(tbl_Operations[Month],A11,tbl_Operations[Resolution_Hours]) -> 12.30622 | G11: =(B11/B10)-1 -> 0.058227848 | H11: =E11-E10 -> 0.010611108
A12: Nov | B12: =COUNTIF(tbl_Operations[Month],A12) -> 411 | C12: =COUNTIFS(tbl_Operations[Month],A12,tbl_Operations[Status],"Closed") -> 331 | D12: =COUNTIFS(tbl_Operations[Month],A12,tbl_Operations[SLA_Status],"SLA Breach") -> 55 | E12: =(B12-D12)/B12 -> 0.86618005 | F12: =AVERAGEIF(tbl_Operations[Month],A12,tbl_Operations[Resolution_Hours]) -> 12.318978 | G12: =(B12/B11)-1 -> -0.016746411 | H12: =E12-E11 -> 0.0049360295
A13: Dec | B13: =COUNTIF(tbl_Operations[Month],A13) -> 430 | C13: =COUNTIFS(tbl_Operations[Month],A13,tbl_Operations[Status],"Closed") -> 331 | D13: =COUNTIFS(tbl_Operations[Month],A13,tbl_Operations[SLA_Status],"SLA Breach") -> 57 | E13: =(B13-D13)/B13 -> 0.86744186 | F13: =AVERAGEIF(tbl_Operations[Month],A13,tbl_Operations[Resolution_Hours]) -> 12.744419 | G13: =(B13/B12)-1 -> 0.04622871 | H13: =E13-E12 -> 0.0012618118

Sheet Target_Analysis
A1: =IF(COUNTIF(E5:E7,"Not Met")=0,"All Targets Met","Management Attention Required") -> Management Attention Required
A4: KPI | B4: Target | C4: Actual | D4: Variance | E4: Status | F4: Management Comment
A5: SLA Achievement % | B5: 0.9 | C5: =MIS_KPI!B7 -> 0.854 | D5: =C5-B5 -> -0.046 | E5: =IF(C5>=B5,"Met","Not Met") -> Not Met | F5: =IF(E5="Met","Target achieved","Action required") -> Action required
A6: Closure Rate % | B6: 0.8 | C6: =MIS_KPI!B6 -> 0.7938 | D6: =C6-B6 -> -0.0062 | E6: =IF(C6>=B6,"Met","Not Met") -> Not Met | F6: =IF(E6="Met","Target achieved","Action required") -> Action required
A7: Avg Resolution Hours | B7: 12 | C7: =MIS_KPI!B8 -> 12.79436 | D7: =B7-C7 -> -0.79436 | E7: =IF(C7<=B7,"Met","Not Met") -> Not Met | F7: =IF(E7="Met","Target achieved","Action required") -> Action required

Sheet Pivot_BU
A3: SLA_Breached | B3: (All)
B5: Column Labels
B6: SLA Breach | D6: Within SLA | F6: Total Count of Ticket_ID | G6: Total Avg Resolution Hrs
A7: Row Labels | B7: Count of Ticket_ID | C7: Avg Resolution Hrs | D7: Count of Ticket_ID | E7: Avg Resolution Hrs
A8: Customer Support | B8: 0.15579228 | C8: 22.75812 | D8: 0.84420772 | E8: 11.180442 | F8: 1 | G8: 12.984154
A9: Finance | B9: 0.14494876 | C9: 25.187879 | D9: 0.85505124 | E9: 10.773288 | F9: 1 | G9: 12.862665
A10: Hr | B10: 0.12630208 | C10: 22.891753 | D10: 0.87369792 | E10: 10.982563 | F10: 1 | G10: 12.486719
A11: It | B11: 0.15104895 | C11: 24.708333 | D11: 0.84895105 | E11: 10.816474 | F11: 1 | G11: 12.914825
A12: Operations | B12: 0.14814815 | C12: 23.268269 | D12: 0.85185185 | E12: 11.128595 | F12: 1 | G12: 12.927066
A13: Procurement | B13: 0.15549215 | C13: 24.36055 | D13: 0.84450785 | E13: 11.038514 | F13: 1 | G13: 13.109986
A14: Sales | B14: 0.14117647 | C14: 21.396875 | D14: 0.85882353 | E14: 10.775 | F14: 1 | G14: 12.274559
A15: Grand Total | B15: 0.146 | C15: 23.526849 | D15: 0.854 | E15: 10.959532 | F15: 1 | G15: 12.79436

Sheet MIS_Dashboard
A1: OPERATIONS MIS PERFORMANCE DASHBOARD
A3: Annual Operations Performance | FY2025
A5: TOTAL TICKETS | C5: CLOSURE RATE | E5: SLA ACHIEVEMENT | G5: AVG RESOLUTION | I5: AVG CSAT | K5: REWORK RATE | M5: OPERATIONAL COST
A9: =MIS_KPI!B2 -> 5000 | C9: =MIS_KPI!B6 -> 0.7938 | E9: =MIS_KPI!B7 -> 0.854 | G9: =MIS_KPI!B8 -> 12.79436 | I9: =MIS_KPI!B9 -> 4.4504024 | K9: =MIS_KPI!B13/MIS_KPI!B2 -> 0.4342 | M9: =MIS_KPI!B10 -> 23042401
